date,location,daily_total,gender_ratio_buyer,gender_ratio_seller,main_purpose,n_trades,n_new_users
0,0,0.0,0.0,0.0,10,0,0
1,0,0.0,0.0,0.0,10,0,65
2,0,100.0,1.0,1.0,6,1,0
3,0,0.0,0.0,0.0,10,0,0
4,0,0.0,0.0,0.0,10,0,0
5,0,0.0,0.0,0.0,10,0,0
6,0,5.0,1.0,1.0,3,1,0
7,0,830.0,0.5,2.0,3,3,0
8,0,0.0,0.0,0.0,10,0,0
9,0,202.0,2.0,2.0,3,3,0
10,0,0.0,0.0,0.0,10,0,0
11,0,300.0,0.5,0.5,3,3,0
12,0,0.0,0.0,0.0,10,0,0
13,0,0.0,0.0,0.0,10,0,0
14,0,0.0,0.0,0.0,10,0,0
15,0,400.0,1.0,1.0,3,1,0
16,0,200.0,1.0,1.0,6,1,1
17,0,0.0,0.0,0.0,10,0,0
18,0,1000.0,1.3333333333333333,0.0,3,7,0
19,0,0.0,0.0,0.0,10,0,0
20,0,0.0,0.0,0.0,10,0,0
21,0,50.0,1.0,0.0,3,1,0
22,0,0.0,0.0,0.0,10,0,0
23,0,906.0,1.6,0.4444444444444444,3,13,0
24,0,0.0,0.0,0.0,10,0,0
25,0,0.0,0.0,0.0,10,0,0
26,0,350.0,1.0,1.0,3,1,0
27,0,0.0,0.0,0.0,10,0,0
28,0,0.0,0.0,0.0,10,0,0
29,0,0.0,0.0,0.0,10,0,0
30,0,754.0,0.5,0.2,3,6,0
31,0,0.0,0.0,0.0,10,0,0
32,0,0.0,0.0,0.0,10,0,0
33,0,424.0,0.5,1.4,3,12,0
34,0,1995.0,1.5,0.6666666666666666,2,5,0
35,0,0.0,0.0,0.0,10,0,0
36,0,600.0,2.0,1.0,3,2,0
37,0,804.0,2.0,0.2857142857142857,3,9,0
38,0,0.0,0.0,0.0,10,0,0
39,0,1200.0,0.0,0.0,2,1,0
40,0,0.0,0.0,0.0,10,0,0
41,0,0.0,0.0,0.0,10,0,0
42,0,0.0,0.0,0.0,10,0,0
43,0,0.0,0.0,0.0,10,0,0
44,0,402.0,0.0,2.0,3,2,0
45,0,651.0,3.0,0.3333333333333333,3,4,2
46,0,0.0,0.0,0.0,10,0,0
47,0,0.0,0.0,0.0,10,0,0
48,0,400.0,0.0,1.0,4,1,4
49,0,2.0,0.0,1.0,3,1,1
50,0,0.0,0.0,0.0,10,0,0
51,0,352.0,0.3333333333333333,0.3333333333333333,3,4,0
52,0,0.0,0.0,0.0,10,0,0
53,0,0.0,0.0,0.0,10,0,0
54,0,0.0,0.0,0.0,10,0,0
55,0,0.0,0.0,0.0,10,0,3
56,0,150.0,1.0,1.0,3,1,0
57,0,350.0,0.0,2.0,9,2,0
58,0,400.0,3.0,0.0,3,3,0
59,0,505.0,5.0,5.0,4,5,0
60,0,400.0,1.0,1.0,6,1,0
61,0,0.0,0.0,0.0,10,0,0
62,0,0.0,0.0,0.0,10,0,2
63,0,1250.0,3.0,4.0,3,4,5
64,0,500.0,2.0,2.0,3,2,0
65,0,1350.0,0.25,1.5,3,5,0
66,0,1260.0,5.0,0.5,3,6,0
67,0,8.0,0.0,4.0,3,4,1
68,0,2.0,1.0,1.0,4,1,0
69,0,0.0,0.0,0.0,10,0,0
70,0,7.0,2.0,2.0,4,2,0
71,0,6075.0,1.1428571428571428,30.0,4,30,0
72,0,70.0,0.25,5.0,3,5,5
73,0,1600.0,0.75,0.16666666666666666,3,7,3
74,0,4279.0,0.9166666666666666,1.875,3,23,0
75,0,3366.0,2.4,9.2,3,51,0
76,0,9530.0,2.8333333333333335,4.75,3,23,0
77,0,2280.0,0.16666666666666666,1.0,3,14,0
78,0,471.0,0.14285714285714285,1.6666666666666667,3,8,0
79,0,5905.0,2.0,2.6,3,18,0
80,0,2498.0,0.8,8.0,3,18,8
0,1,0.0,0.0,0.0,10,0,0
1,1,0.0,0.0,0.0,10,0,0
2,1,0.0,0.0,0.0,10,0,0
3,1,0.0,0.0,0.0,10,0,0
4,1,0.0,0.0,0.0,10,0,0
5,1,0.0,0.0,0.0,10,0,0
6,1,0.0,0.0,0.0,10,0,0
7,1,0.0,0.0,0.0,10,0,0
8,1,0.0,0.0,0.0,10,0,0
9,1,0.0,0.0,0.0,10,0,0
10,1,0.0,0.0,0.0,10,0,0
11,1,0.0,0.0,0.0,10,0,0
12,1,0.0,0.0,0.0,10,0,0
13,1,0.0,0.0,0.0,10,0,0
14,1,0.0,0.0,0.0,10,0,0
15,1,0.0,0.0,0.0,10,0,0
16,1,0.0,0.0,0.0,10,0,0
17,1,0.0,0.0,0.0,10,0,0
18,1,0.0,0.0,0.0,10,0,0
19,1,0.0,0.0,0.0,10,0,0
20,1,0.0,0.0,0.0,10,0,0
21,1,0.0,0.0,0.0,10,0,0
22,1,0.0,0.0,0.0,10,0,0
23,1,0.0,0.0,0.0,10,0,0
24,1,0.0,0.0,0.0,10,0,0
25,1,0.0,0.0,0.0,10,0,0
26,1,0.0,0.0,0.0,10,0,0
27,1,0.0,0.0,0.0,10,0,0
28,1,0.0,0.0,0.0,10,0,0
29,1,0.0,0.0,0.0,10,0,0
30,1,0.0,0.0,0.0,10,0,0
31,1,0.0,0.0,0.0,10,0,0
32,1,0.0,0.0,0.0,10,0,0
33,1,0.0,0.0,0.0,10,0,0
34,1,0.0,0.0,0.0,10,0,0
35,1,0.0,0.0,0.0,10,0,0
36,1,0.0,0.0,0.0,10,0,0
37,1,0.0,0.0,0.0,10,0,0
38,1,0.0,0.0,0.0,10,0,0
39,1,0.0,0.0,0.0,10,0,0
40,1,0.0,0.0,0.0,10,0,0
41,1,0.0,0.0,0.0,10,0,0
42,1,0.0,0.0,0.0,10,0,0
43,1,0.0,0.0,0.0,10,0,0
44,1,0.0,0.0,0.0,10,0,0
45,1,0.0,0.0,0.0,10,0,0
46,1,0.0,0.0,0.0,10,0,0
47,1,0.0,0.0,0.0,10,0,0
48,1,0.0,0.0,0.0,10,0,0
49,1,0.0,0.0,0.0,10,0,0
50,1,0.0,0.0,0.0,10,0,0
51,1,0.0,0.0,0.0,10,0,0
52,1,0.0,0.0,0.0,10,0,0
53,1,0.0,0.0,0.0,10,0,0
54,1,0.0,0.0,0.0,10,0,0
55,1,0.0,0.0,0.0,10,0,0
56,1,0.0,0.0,0.0,10,0,0
57,1,0.0,0.0,0.0,10,0,0
58,1,0.0,0.0,0.0,10,0,0
59,1,0.0,0.0,0.0,10,0,0
60,1,0.0,0.0,0.0,10,0,0
61,1,0.0,0.0,0.0,10,0,0
62,1,0.0,0.0,0.0,10,0,0
63,1,0.0,0.0,0.0,10,0,0
64,1,0.0,0.0,0.0,10,0,0
65,1,0.0,0.0,0.0,10,0,0
66,1,0.0,0.0,0.0,10,0,0
67,1,0.0,0.0,0.0,10,0,0
68,1,0.0,0.0,0.0,10,0,0
69,1,0.0,0.0,0.0,10,0,0
70,1,0.0,0.0,0.0,10,0,0
71,1,0.0,0.0,0.0,10,0,0
72,1,0.0,0.0,0.0,10,0,0
73,1,0.0,0.0,0.0,10,0,0
74,1,800.0,2.0,0.0,3,2,2
75,1,0.0,0.0,0.0,10,0,0
76,1,0.0,0.0,0.0,10,0,0
77,1,0.0,0.0,0.0,10,0,0
78,1,0.0,0.0,0.0,10,0,0
79,1,0.0,0.0,0.0,10,0,0
80,1,0.0,0.0,0.0,10,0,2
0,2,0.0,0.0,0.0,10,0,0
1,2,0.0,0.0,0.0,10,0,70
2,2,600.0,0.0,1.0,3,1,3
3,2,360.0,1.0,1.0,3,1,0
4,2,1040.0,2.5,1.3333333333333333,3,7,0
5,2,390.0,1.0,2.0,3,2,0
6,2,990.0,1.0,2.0,3,2,0
7,2,50.0,1.0,0.0,3,1,0
8,2,0.0,0.0,0.0,10,0,0
9,2,292.0,0.3333333333333333,0.3333333333333333,3,4,5
10,2,60.0,0.0,0.0,3,1,0
11,2,1030.0,0.6666666666666666,1.5,3,5,0
12,2,50.0,1.0,0.0,3,1,0
13,2,1110.0,1.0,3.0,3,4,4
14,2,80.0,2.0,0.5,3,3,1
15,2,1140.0,0.0,2.0,3,2,0
16,2,440.0,2.0,0.2,3,6,5
17,2,300.0,0.0,0.5,3,3,4
18,2,2300.0,1.3333333333333333,7.0,3,7,0
19,2,100.0,1.0,0.0,3,1,0
20,2,20.0,2.0,2.0,3,2,2
21,2,140.0,13.0,14.0,3,14,16
22,2,1060.0,3.0,3.0,3,4,0
23,2,660.0,1.0,0.3333333333333333,3,4,0
24,2,2182.0,5.0,6.0,3,6,2
25,2,3080.0,8.0,17.0,6,18,0
26,2,1.0,1.0,0.0,3,1,0
27,2,0.0,0.0,0.0,10,0,0
28,2,0.0,0.0,0.0,10,0,0
29,2,0.0,0.0,0.0,10,0,0
30,2,0.0,0.0,0.0,10,0,0
31,2,630.0,4.0,4.0,6,4,2
32,2,780.0,3.0,3.0,3,3,0
33,2,1850.0,11.0,12.0,6,12,0
34,2,300.0,1.0,1.0,6,1,0
35,2,0.0,0.0,0.0,10,0,0
36,2,0.0,0.0,0.0,10,0,0
37,2,105.0,2.0,1.0,3,2,2
38,2,700.0,3.0,3.0,3,3,0
39,2,540.0,2.0,2.0,6,2,0
40,2,1740.0,10.0,11.0,6,11,0
41,2,1045.4,1.0,2.0,3,2,0
42,2,0.0,0.0,0.0,10,0,0
43,2,250.0,0.0,0.0,3,1,0
44,2,0.0,0.0,0.0,10,0,0
45,2,400.0,3.0,2.0,6,3,3
46,2,300.0,2.0,2.0,0,2,0
47,2,1290.0,9.0,10.0,6,10,1
48,2,1570.0,0.6666666666666666,0.6666666666666666,3,5,1
49,2,0.0,0.0,0.0,10,0,0
50,2,0.0,0.0,0.0,10,0,0
51,2,699.0,0.5,2.0,3,3,0
52,2,1465.0,1.0,9.0,6,10,1
53,2,255.0,4.0,3.0,3,4,2
54,2,1445.0,5.5,13.0,6,13,3
55,2,400.0,1.0,1.0,3,1,1
56,2,2540.0,7.0,3.0,3,8,0
57,2,0.0,0.0,0.0,10,0,0
58,2,0.0,0.0,0.0,10,0,0
59,2,250.0,1.0,2.0,6,2,0
60,2,120.0,1.0,1.0,3,1,0
61,2,1321.0,5.5,12.0,6,13,0
62,2,0.0,0.0,0.0,10,0,1
63,2,2419.0,2.0,1.25,3,9,41
64,2,560.0,3.0,2.0,3,3,0
65,2,550.0,2.0,3.0,3,3,0
66,2,7870.0,1.8888888888888888,2.25,3,26,0
67,2,760.0,0.5,3.0,3,3,0
68,2,645.0,4.0,2.3333333333333335,6,10,3
69,2,50.0,0.0,0.0,3,1,3
70,2,800.0,2.0,2.0,3,2,0
71,2,50.0,0.0,0.0,3,1,0
72,2,170.0,3.0,2.0,3,3,6
73,2,0.0,0.0,0.0,10,0,4
74,2,1670.0,3.0,4.0,3,4,1
75,2,2520.0,4.0,9.0,6,10,0
76,2,3150.0,1.0,3.0,3,4,0
77,2,350.0,0.0,0.0,3,2,0
78,2,1750.0,3.0,3.0,3,3,0
79,2,0.0,0.0,0.0,10,0,0
80,2,170.0,1.0,2.0,9,2,14
0,3,0.0,0.0,0.0,10,0,0
1,3,0.0,0.0,0.0,10,0,0
2,3,0.0,0.0,0.0,10,0,1
3,3,0.0,0.0,0.0,10,0,0
4,3,0.0,0.0,0.0,10,0,0
5,3,723.0,1.0,1.0,3,1,0
6,3,0.0,0.0,0.0,10,0,0
7,3,0.0,0.0,0.0,10,0,0
8,3,0.0,0.0,0.0,10,0,0
9,3,0.0,0.0,0.0,10,0,0
10,3,0.0,0.0,0.0,10,0,0
11,3,360.0,1.0,0.0,3,1,0
12,3,0.0,0.0,0.0,10,0,0
13,3,10.0,1.0,1.0,3,1,0
14,3,0.0,0.0,0.0,10,0,0
15,3,0.0,0.0,0.0,10,0,0
16,3,0.0,0.0,0.0,10,0,0
17,3,0.0,0.0,0.0,10,0,0
18,3,0.0,0.0,0.0,10,0,0
19,3,0.0,0.0,0.0,10,0,0
20,3,0.0,0.0,0.0,10,0,0
21,3,0.0,0.0,0.0,10,0,0
22,3,0.0,0.0,0.0,10,0,0
23,3,0.0,0.0,0.0,10,0,0
24,3,0.0,0.0,0.0,10,0,0
25,3,0.0,0.0,0.0,10,0,0
26,3,400.0,2.0,0.0,4,2,0
27,3,0.0,0.0,0.0,10,0,0
28,3,0.0,0.0,0.0,10,0,0
29,3,0.0,0.0,0.0,10,0,0
30,3,0.0,0.0,0.0,10,0,0
31,3,0.0,0.0,0.0,10,0,0
32,3,0.0,0.0,0.0,10,0,0
33,3,0.0,0.0,0.0,10,0,0
34,3,0.0,0.0,0.0,10,0,0
35,3,0.0,0.0,0.0,10,0,0
36,3,0.0,0.0,0.0,10,0,0
37,3,0.0,0.0,0.0,10,0,0
38,3,0.0,0.0,0.0,10,0,0
39,3,0.0,0.0,0.0,10,0,0
40,3,0.0,0.0,0.0,10,0,0
41,3,0.0,0.0,0.0,10,0,0
42,3,0.0,0.0,0.0,10,0,0
43,3,0.0,0.0,0.0,10,0,0
44,3,0.0,0.0,0.0,10,0,0
45,3,0.0,0.0,0.0,10,0,0
46,3,0.0,0.0,0.0,10,0,0
47,3,0.0,0.0,0.0,10,0,0
48,3,0.0,0.0,0.0,10,0,0
49,3,0.0,0.0,0.0,10,0,0
50,3,0.0,0.0,0.0,10,0,0
51,3,0.0,0.0,0.0,10,0,0
52,3,0.0,0.0,0.0,10,0,0
53,3,0.0,0.0,0.0,10,0,0
54,3,0.0,0.0,0.0,10,0,0
55,3,0.0,0.0,0.0,10,0,0
56,3,0.0,0.0,0.0,10,0,0
57,3,0.0,0.0,0.0,10,0,0
58,3,7.0,0.0,1.0,3,1,0
59,3,0.0,0.0,0.0,10,0,0
60,3,0.0,0.0,0.0,10,0,0
61,3,0.0,0.0,0.0,10,0,0
62,3,0.0,0.0,0.0,10,0,0
63,3,897.0,2.0,0.5,4,3,0
64,3,0.0,0.0,0.0,10,0,0
65,3,730.0,1.0,2.0,3,2,0
66,3,0.0,0.0,0.0,10,0,0
67,3,910.0,0.0,0.0,4,1,0
68,3,0.0,0.0,0.0,10,0,0
69,3,400.0,1.0,1.0,3,1,0
70,3,0.0,0.0,0.0,10,0,0
71,3,0.0,0.0,0.0,10,0,0
72,3,0.0,0.0,0.0,10,0,0
73,3,0.0,0.0,0.0,10,0,0
74,3,400.0,1.0,0.0,3,1,0
75,3,0.0,0.0,0.0,10,0,0
76,3,0.0,0.0,0.0,10,0,0
77,3,0.0,0.0,0.0,10,0,0
78,3,0.0,0.0,0.0,10,0,0
79,3,0.0,0.0,0.0,10,0,0
80,3,0.0,0.0,0.0,10,0,0
0,4,0.0,0.0,0.0,10,0,0
1,4,0.0,0.0,0.0,10,0,0
2,4,12.0,1.0,6.0,4,6,33
3,4,0.0,0.0,0.0,10,0,0
4,4,0.0,0.0,0.0,10,0,0
5,4,0.0,0.0,0.0,10,0,9
6,4,10.0,2.0,2.0,3,2,10
7,4,360.0,1.0,1.0,3,1,9
8,4,0.0,0.0,0.0,10,0,0
9,4,1460.0,4.75,1.0909090909090908,6,23,14
10,4,400.0,1.0,0.0,0,1,0
11,4,30.0,4.0,4.0,3,5,5
12,4,0.0,0.0,0.0,10,0,0
13,4,0.0,0.0,0.0,10,0,0
14,4,0.0,0.0,0.0,10,0,0
15,4,0.0,0.0,0.0,10,0,0
16,4,2370.0,2.25,0.18181818181818182,6,13,0
17,4,0.0,0.0,0.0,10,0,0
18,4,0.0,0.0,0.0,10,0,0
19,4,0.0,0.0,0.0,10,0,0
20,4,16.0,5.0,6.0,4,6,6
21,4,0.0,0.0,0.0,10,0,0
22,4,3500.0,0.42857142857142855,0.42857142857142855,3,10,0
23,4,0.0,0.0,0.0,10,0,0
24,4,0.0,0.0,0.0,10,0,0
25,4,960.0,1.5,0.25,6,10,3
26,4,4474.0,9.0,30.0,6,30,4
27,4,0.0,0.0,0.0,10,0,0
28,4,0.0,0.0,0.0,10,0,0
29,4,0.0,0.0,0.0,10,0,0
30,4,0.0,0.0,0.0,10,0,0
31,4,380.0,0.0,0.0,7,1,0
32,4,1555.0,1.2,0.0,6,11,0
33,4,0.0,0.0,0.0,10,0,1
34,4,52.0,0.0,2.0,3,2,1
35,4,94.0,1.0,1.0,3,4,2
36,4,0.0,0.0,0.0,10,0,0
37,4,200.0,0.0,1.0,3,1,0
38,4,320.0,1.0,0.0,3,4,2
39,4,1300.0,1.5,0.1111111111111111,6,10,0
40,4,500.0,1.3333333333333333,7.0,3,7,0
41,4,0.0,0.0,0.0,10,0,0
42,4,0.0,0.0,0.0,10,0,0
43,4,0.0,0.0,0.0,10,0,0
44,4,140.0,2.0,2.0,3,2,0
45,4,0.0,0.0,0.0,10,0,0
46,4,1150.0,0.5,0.0,6,9,0
47,4,0.0,0.0,0.0,10,0,0
48,4,250.0,1.0,2.0,3,2,2
49,4,0.0,0.0,0.0,10,0,0
50,4,0.0,0.0,0.0,10,0,0
51,4,930.0,0.25,0.0,3,5,2
52,4,0.0,0.0,0.0,10,0,0
53,4,1150.0,1.5,0.1111111111111111,6,10,0
54,4,0.0,0.0,0.0,10,0,0
55,4,0.0,0.0,0.0,10,0,0
56,4,0.0,0.0,0.0,10,0,0
57,4,0.0,0.0,0.0,10,0,0
58,4,405.0,0.0,0.0,3,4,1
59,4,600.0,1.0,1.0,3,2,0
60,4,6000.0,0.6666666666666666,0.36363636363636365,6,15,0
61,4,0.0,0.0,0.0,10,0,0
62,4,0.0,0.0,0.0,10,0,0
63,4,0.0,0.0,0.0,10,0,24
64,4,0.0,0.0,0.0,10,0,0
65,4,100.0,1.0,0.0,6,1,0
66,4,200.0,0.0,1.0,3,1,0
67,4,860.0,4.0,4.0,3,5,0
68,4,250.0,1.0,1.0,3,1,0
69,4,0.0,0.0,0.0,10,0,0
70,4,10.0,0.0,0.0,3,1,0
71,4,0.0,0.0,0.0,10,0,0
72,4,0.0,0.0,0.0,10,0,1
73,4,5.0,0.0,0.0,3,1,0
74,4,1700.0,0.75,0.16666666666666666,6,7,0
75,4,0.0,0.0,0.0,10,0,0
76,4,0.0,0.0,0.0,10,0,0
77,4,0.0,0.0,0.0,10,0,0
78,4,830.0,2.0,2.0,3,2,0
79,4,0.0,0.0,0.0,10,0,0
80,4,2000.0,0.0,1.0,3,1,7
0,5,56922.32,0.0,0.3333333333333333,9,4,0
1,5,4267536.199999992,0.0,1.2382423618262959,9,6520,0
2,5,556455.0599999999,0.0031725888324873096,2.280082987551867,9,1581,0
3,5,83515.0,0.030303030303030304,1.3943661971830985,9,170,0
4,5,62860.0,0.0,1.7627118644067796,9,163,0
5,5,56840.0,0.0,1.6415094339622642,9,140,0
6,5,72102.0,0.016260162601626018,1.11864406779661,9,125,0
7,5,25540.0,0.0,1.9090909090909092,9,64,0
8,5,0.0,0.0,0.0,10,0,0
9,5,110301.0,0.0048543689320388345,1.875,9,207,0
10,5,124203.0,0.23529411764705882,1.896551724137931,9,84,0
11,5,33190.0,0.39215686274509803,2.641025641025641,9,142,0
12,5,39275.0,0.2647058823529412,2.4864864864864864,9,129,0
13,5,64638.0,0.44025157232704404,3.872340425531915,9,229,0
14,5,61912.0,0.7045454545454546,5.617647058823529,9,225,0
15,5,5602.0,8.5,1.7142857142857142,3,19,0
16,5,69307.0,0.25748502994011974,2.3870967741935485,9,210,0
17,5,45705.0,0.25806451612903225,1.7857142857142858,9,117,0
18,5,47815.0,0.05737704918032787,1.8043478260869565,9,129,0
19,5,39004.0,0.15151515151515152,3.0714285714285716,9,114,0
20,5,43440.0,0.06140350877192982,2.27027027027027,9,121,0
21,5,23969.0,0.03508771929824561,13.75,9,59,0
22,5,5386.0,1.0,3.4,9,22,0
23,5,74816.0,0.07547169811320754,2.9767441860465116,9,171,0
24,5,34905.0,0.09375,1.441860465116279,9,105,0
25,5,50373.0,0.1171875,2.3255813953488373,9,143,0
26,5,26023.0,0.15492957746478872,1.6451612903225807,9,82,0
27,5,45050.15,0.052083333333333336,1.3488372093023255,9,101,0
28,5,28040.0,0.014705882352941176,5.9,9,69,0
29,5,625.0,5.0,5.0,3,5,0
30,5,54210.0,0.0,1.8461538461538463,9,74,0
31,5,29441.0,0.02631578947368421,3.588235294117647,9,78,0
32,5,50288.37,0.5,3.4347826086956523,9,102,0
33,5,95170.0,0.13580246913580246,2.68,9,92,0
34,5,12135.0,0.09090909090909091,0.8,9,36,0
35,5,9500.0,0.0,3.0,9,24,0
36,5,492.0,4.0,1.0,3,4,0
37,5,39470.0,0.04938271604938271,3.0476190476190474,9,85,0
38,5,16945.0,0.0625,1.6842105263157894,9,51,0
39,5,28595.0,0.02666666666666667,1.9615384615384615,9,77,0
40,5,24650.0,0.043478260869565216,1.4,9,72,0
41,5,35950.0,0.03125,1.8285714285714285,9,99,0
42,5,9800.0,0.0,2.4285714285714284,9,24,0
43,5,1331.0,0.6666666666666666,0.25,3,5,0
44,5,19385.0,0.058823529411764705,1.25,9,54,0
45,5,63342.0,0.04285714285714286,1.6071428571428572,9,146,0
46,5,27158.0,0.043478260869565216,6.2,9,72,0
47,5,35769.0,0.09473684210526316,1.6666666666666667,9,104,0
48,5,43700.0,0.010638297872340425,1.435897435897436,9,95,0
49,5,23200.0,0.020833333333333332,11.25,9,49,0
50,5,0.0,0.0,0.0,10,0,0
51,5,66170.0,0.05128205128205128,1.2777777777777777,9,82,0
52,5,28890.0,0.0125,1.7,9,81,0
53,5,28964.0,0.08333333333333333,1.7575757575757576,9,91,0
54,5,36605.0,0.052083333333333336,1.8857142857142857,9,101,0
55,5,250897.0,0.013114754098360656,1.4523809523809523,9,309,0
56,5,26610.0,0.06349206349206349,4.583333333333333,9,67,0
57,5,3520.0,3.0,7.0,3,8,0
58,5,31000.0,0.046153846153846156,2.238095238095238,9,68,0
59,5,29150.0,0.0136986301369863,3.625,9,74,0
60,5,45315.0,0.19148936170212766,1.8,9,112,0
61,5,44780.0,0.037383177570093455,2.7,9,111,0
62,5,137532.0,0.01020408163265306,1.4444444444444444,9,198,0
63,5,795256.0,0.014469453376205787,2.1965552178318135,9,3155,0
64,5,5725.0,7.0,3.0,3,24,0
65,5,65621.0,0.152,2.891891891891892,9,144,0
66,5,74635.0,0.13432835820895522,1.9803921568627452,9,152,0
67,5,113412.1,0.14871794871794872,1.6987951807228916,9,224,0
68,5,55510.0,0.056338028169014086,1.5862068965517242,9,150,0
69,5,58075.0,0.028169014084507043,0.9466666666666667,9,146,0
70,5,39250.0,0.04081632653061224,2.7777777777777777,9,102,0
71,5,730.0,0.5,3.0,3,3,0
72,5,205317.1,0.011320754716981131,1.8612099644128113,9,804,0
73,5,127716.0,0.02074688796680498,1.3653846153846154,9,246,0
74,5,64539.0,0.03592814371257485,1.36986301369863,9,173,0
75,5,120236.53,0.0223463687150838,2.1016949152542375,9,183,0
76,5,120440.0,0.01910828025477707,1.3880597014925373,9,160,0
77,5,22060.0,0.034482758620689655,2.0,9,60,0
78,5,10965.0,0.631578947368421,2.1,9,31,0
79,5,63930.0,0.03205128205128205,0.9634146341463414,9,161,0
80,5,149164.14,0.004685059864653826,1.6620689655172414,9,1930,0
0,6,0.0,0.0,0.0,10,0,0
1,6,0.0,0.0,0.0,10,0,9
2,6,560.0,2.0,0.0,3,6,2
3,6,390.0,1.5,0.25,3,5,0
4,6,50.0,1.0,0.0,4,1,0
5,6,30.0,0.0,0.0,3,1,0
6,6,400.0,0.5,0.0,6,3,0
7,6,240.0,2.0,0.0,3,2,1
8,6,30.0,0.0,0.0,3,1,0
9,6,0.0,0.0,0.0,10,0,1
10,6,35.0,0.0,0.0,3,1,0
11,6,130.0,1.0,0.0,3,2,0
12,6,0.0,0.0,0.0,10,0,0
13,6,605.0,1.0,0.0,6,4,0
14,6,0.0,0.0,0.0,10,0,0
15,6,70.0,1.0,0.0,3,1,0
16,6,100.0,0.0,0.0,3,2,0
17,6,50.0,0.0,1.0,6,1,0
18,6,0.0,0.0,0.0,10,0,0
19,6,0.0,0.0,0.0,10,0,0
20,6,600.0,1.0,0.5,3,6,0
21,6,0.0,0.0,0.0,10,0,0
22,6,25.0,0.0,0.0,3,1,0
23,6,0.0,0.0,0.0,10,0,0
24,6,790.0,0.0,0.0,3,4,0
25,6,685.0,1.5,0.25,3,5,0
26,6,410.0,2.0,0.0,3,2,0
27,6,950.0,0.4,0.4,3,7,0
28,6,0.0,0.0,0.0,10,0,0
29,6,0.0,0.0,0.0,10,0,0
30,6,0.0,0.0,0.0,10,0,0
31,6,30.0,1.0,0.0,3,1,0
32,6,250.0,0.0,0.0,3,1,0
33,6,0.0,0.0,0.0,10,0,0
34,6,1430.0,0.6666666666666666,0.0,6,5,0
35,6,0.0,0.0,0.0,10,0,0
36,6,0.0,0.0,0.0,10,0,0
37,6,0.0,0.0,0.0,10,0,0
38,6,301.0,0.5,0.5,3,3,0
39,6,0.0,0.0,0.0,10,0,0
40,6,0.0,0.0,0.0,10,0,0
41,6,200.0,0.0,0.0,3,2,0
42,6,0.0,0.0,0.0,10,0,0
43,6,0.0,0.0,0.0,10,0,0
44,6,0.0,0.0,0.0,10,0,0
45,6,350.0,0.0,2.0,6,3,1
46,6,0.0,0.0,0.0,10,0,0
47,6,0.0,0.0,0.0,10,0,0
48,6,640.0,0.14285714285714285,0.3333333333333333,6,8,0
49,6,0.0,0.0,0.0,10,0,0
50,6,0.0,0.0,0.0,10,0,0
51,6,0.0,0.0,0.0,10,0,0
52,6,200.0,0.0,1.0,6,1,0
53,6,4500.0,0.0,0.5,3,6,0
54,6,0.0,0.0,0.0,10,0,0
55,6,1450.0,2.0,0.2,3,6,2
56,6,0.0,0.0,0.0,10,0,0
57,6,5600.0,0.4444444444444444,0.3,3,13,0
58,6,500.0,0.0,0.0,3,1,0
59,6,450.0,0.0,1.0,3,2,0
60,6,188.0,1.0,0.0,3,2,0
61,6,0.0,0.0,0.0,10,0,0
62,6,1150.0,1.5,0.0,6,5,0
63,6,0.0,0.0,0.0,10,0,2
64,6,250.0,0.0,0.0,3,2,0
65,6,120.0,3.0,0.0,3,3,0
66,6,4910.0,0.1111111111111111,0.25,6,10,0
67,6,80.0,0.0,0.0,3,2,0
68,6,30.0,0.0,0.0,3,1,0
69,6,2550.0,1.5,0.1111111111111111,6,10,0
70,6,30.0,0.0,0.0,3,1,0
71,6,0.0,0.0,0.0,10,0,0
72,6,120.0,3.0,0.5,4,3,3
73,6,200.0,0.0,1.0,6,1,0
74,6,0.0,0.0,0.0,10,0,0
75,6,0.0,0.0,0.0,10,0,0
76,6,3050.0,0.3333333333333333,0.14285714285714285,6,8,0
77,6,0.0,0.0,0.0,10,0,0
78,6,0.0,0.0,0.0,10,0,0
79,6,0.0,0.0,0.0,10,0,0
80,6,0.0,0.0,0.0,10,0,3
0,7,0.0,0.0,0.0,10,0,0
1,7,0.0,0.0,0.0,10,0,0
2,7,0.0,0.0,0.0,10,0,0
3,7,0.0,0.0,0.0,10,0,0
4,7,0.0,0.0,0.0,10,0,0
5,7,0.0,0.0,0.0,10,0,0
6,7,0.0,0.0,0.0,10,0,0
7,7,0.0,0.0,0.0,10,0,0
8,7,0.0,0.0,0.0,10,0,0
9,7,0.0,0.0,0.0,10,0,0
10,7,0.0,0.0,0.0,10,0,0
11,7,0.0,0.0,0.0,10,0,0
12,7,0.0,0.0,0.0,10,0,0
13,7,0.0,0.0,0.0,10,0,0
14,7,0.0,0.0,0.0,10,0,0
15,7,0.0,0.0,0.0,10,0,0
16,7,0.0,0.0,0.0,10,0,0
17,7,0.0,0.0,0.0,10,0,0
18,7,0.0,0.0,0.0,10,0,0
19,7,0.0,0.0,0.0,10,0,0
20,7,0.0,0.0,0.0,10,0,0
21,7,0.0,0.0,0.0,10,0,0
22,7,0.0,0.0,0.0,10,0,0
23,7,0.0,0.0,0.0,10,0,0
24,7,0.0,0.0,0.0,10,0,0
25,7,0.0,0.0,0.0,10,0,0
26,7,0.0,0.0,0.0,10,0,0
27,7,0.0,0.0,0.0,10,0,0
28,7,0.0,0.0,0.0,10,0,0
29,7,0.0,0.0,0.0,10,0,0
30,7,0.0,0.0,0.0,10,0,0
31,7,0.0,0.0,0.0,10,0,0
32,7,0.0,0.0,0.0,10,0,0
33,7,0.0,0.0,0.0,10,0,0
34,7,0.0,0.0,0.0,10,0,0
35,7,0.0,0.0,0.0,10,0,0
36,7,0.0,0.0,0.0,10,0,0
37,7,0.0,0.0,0.0,10,0,0
38,7,0.0,0.0,0.0,10,0,0
39,7,0.0,0.0,0.0,10,0,0
40,7,0.0,0.0,0.0,10,0,0
41,7,0.0,0.0,0.0,10,0,0
42,7,0.0,0.0,0.0,10,0,1
43,7,0.0,0.0,0.0,10,0,0
44,7,400.0,0.0,1.0,3,1,0
45,7,0.0,0.0,0.0,10,0,0
46,7,0.0,0.0,0.0,10,0,0
47,7,0.0,0.0,0.0,10,0,0
48,7,0.0,0.0,0.0,10,0,0
49,7,0.0,0.0,0.0,10,0,0
50,7,0.0,0.0,0.0,10,0,0
51,7,0.0,0.0,0.0,10,0,0
52,7,0.0,0.0,0.0,10,0,0
53,7,0.0,0.0,0.0,10,0,0
54,7,0.0,0.0,0.0,10,0,0
55,7,0.0,0.0,0.0,10,0,0
56,7,0.0,0.0,0.0,10,0,0
57,7,0.0,0.0,0.0,10,0,0
58,7,0.0,0.0,0.0,10,0,0
59,7,0.0,0.0,0.0,10,0,0
60,7,0.0,0.0,0.0,10,0,0
61,7,0.0,0.0,0.0,10,0,0
62,7,0.0,0.0,0.0,10,0,0
63,7,0.0,0.0,0.0,10,0,0
64,7,0.0,0.0,0.0,10,0,0
65,7,0.0,0.0,0.0,10,0,0
66,7,0.0,0.0,0.0,10,0,0
67,7,400.0,0.0,1.0,3,1,0
68,7,0.0,0.0,0.0,10,0,0
69,7,0.0,0.0,0.0,10,0,0
70,7,0.0,0.0,0.0,10,0,0
71,7,0.0,0.0,0.0,10,0,0
72,7,0.0,0.0,0.0,10,0,0
73,7,0.0,0.0,0.0,10,0,0
74,7,0.0,0.0,0.0,10,0,0
75,7,0.0,0.0,0.0,10,0,0
76,7,0.0,0.0,0.0,10,0,0
77,7,0.0,0.0,0.0,10,0,0
78,7,0.0,0.0,0.0,10,0,0
79,7,0.0,0.0,0.0,10,0,0
80,7,0.0,0.0,0.0,10,0,0
0,8,0.0,0.0,0.0,10,0,0
1,8,0.0,0.0,0.0,10,0,0
2,8,0.0,0.0,0.0,10,0,0
3,8,0.0,0.0,0.0,10,0,0
4,8,0.0,0.0,0.0,10,0,0
5,8,0.0,0.0,0.0,10,0,0
6,8,0.0,0.0,0.0,10,0,0
7,8,0.0,0.0,0.0,10,0,0
8,8,0.0,0.0,0.0,10,0,0
9,8,0.0,0.0,0.0,10,0,0
10,8,0.0,0.0,0.0,10,0,0
11,8,0.0,0.0,0.0,10,0,0
12,8,0.0,0.0,0.0,10,0,0
13,8,0.0,0.0,0.0,10,0,0
14,8,0.0,0.0,0.0,10,0,0
15,8,0.0,0.0,0.0,10,0,0
16,8,0.0,0.0,0.0,10,0,0
17,8,0.0,0.0,0.0,10,0,0
18,8,0.0,0.0,0.0,10,0,0
19,8,0.0,0.0,0.0,10,0,0
20,8,0.0,0.0,0.0,10,0,0
21,8,0.0,0.0,0.0,10,0,0
22,8,0.0,0.0,0.0,10,0,0
23,8,0.0,0.0,0.0,10,0,0
24,8,0.0,0.0,0.0,10,0,0
25,8,0.0,0.0,0.0,10,0,0
26,8,0.0,0.0,0.0,10,0,0
27,8,0.0,0.0,0.0,10,0,0
28,8,0.0,0.0,0.0,10,0,0
29,8,0.0,0.0,0.0,10,0,0
30,8,0.0,0.0,0.0,10,0,0
31,8,0.0,0.0,0.0,10,0,0
32,8,0.0,0.0,0.0,10,0,0
33,8,0.0,0.0,0.0,10,0,0
34,8,0.0,0.0,0.0,10,0,0
35,8,0.0,0.0,0.0,10,0,0
36,8,0.0,0.0,0.0,10,0,0
37,8,0.0,0.0,0.0,10,0,0
38,8,0.0,0.0,0.0,10,0,0
39,8,0.0,0.0,0.0,10,0,0
40,8,0.0,0.0,0.0,10,0,0
41,8,0.0,0.0,0.0,10,0,0
42,8,0.0,0.0,0.0,10,0,0
43,8,0.0,0.0,0.0,10,0,0
44,8,0.0,0.0,0.0,10,0,0
45,8,0.0,0.0,0.0,10,0,0
46,8,0.0,0.0,0.0,10,0,0
47,8,0.0,0.0,0.0,10,0,0
48,8,0.0,0.0,0.0,10,0,0
49,8,0.0,0.0,0.0,10,0,0
50,8,0.0,0.0,0.0,10,0,0
51,8,0.0,0.0,0.0,10,0,0
52,8,0.0,0.0,0.0,10,0,0
53,8,0.0,0.0,0.0,10,0,0
54,8,0.0,0.0,0.0,10,0,0
55,8,0.0,0.0,0.0,10,0,0
56,8,0.0,0.0,0.0,10,0,0
57,8,0.0,0.0,0.0,10,0,0
58,8,0.0,0.0,0.0,10,0,0
59,8,0.0,0.0,0.0,10,0,0
60,8,0.0,0.0,0.0,10,0,0
61,8,0.0,0.0,0.0,10,0,0
62,8,0.0,0.0,0.0,10,0,0
63,8,0.0,0.0,0.0,10,0,0
64,8,0.0,0.0,0.0,10,0,0
65,8,0.0,0.0,0.0,10,0,0
66,8,0.0,0.0,0.0,10,0,0
67,8,0.0,0.0,0.0,10,0,0
68,8,0.0,0.0,0.0,10,0,0
69,8,0.0,0.0,0.0,10,0,0
70,8,0.0,0.0,0.0,10,0,0
71,8,0.0,0.0,0.0,10,0,0
72,8,0.0,0.0,0.0,10,0,0
73,8,0.0,0.0,0.0,10,0,0
74,8,0.0,0.0,0.0,10,0,0
75,8,400.0,1.0,0.0,3,1,1
76,8,0.0,0.0,0.0,10,0,0
77,8,0.0,0.0,0.0,10,0,0
78,8,0.0,0.0,0.0,10,0,0
79,8,0.0,0.0,0.0,10,0,0
80,8,0.0,0.0,0.0,10,0,1
0,9,0.0,0.0,0.0,10,0,0
1,9,0.0,0.0,0.0,10,0,0
2,9,0.0,0.0,0.0,10,0,0
3,9,0.0,0.0,0.0,10,0,0
4,9,0.0,0.0,0.0,10,0,0
5,9,0.0,0.0,0.0,10,0,0
6,9,0.0,0.0,0.0,10,0,0
7,9,0.0,0.0,0.0,10,0,0
8,9,0.0,0.0,0.0,10,0,0
9,9,200.0,3.0,0.5,3,3,2
10,9,0.0,0.0,0.0,10,0,0
11,9,0.0,0.0,0.0,10,0,0
12,9,0.0,0.0,0.0,10,0,0
13,9,0.0,0.0,0.0,10,0,0
14,9,0.0,0.0,0.0,10,0,0
15,9,0.0,0.0,0.0,10,0,0
16,9,0.0,0.0,0.0,10,0,0
17,9,0.0,0.0,0.0,10,0,0
18,9,0.0,0.0,0.0,10,0,0
19,9,0.0,0.0,0.0,10,0,0
20,9,0.0,0.0,0.0,10,0,0
21,9,0.0,0.0,0.0,10,0,0
22,9,0.0,0.0,0.0,10,0,0
23,9,0.0,0.0,0.0,10,0,0
24,9,0.0,0.0,0.0,10,0,0
25,9,0.0,0.0,0.0,10,0,0
26,9,0.0,0.0,0.0,10,0,0
27,9,0.0,0.0,0.0,10,0,0
28,9,0.0,0.0,0.0,10,0,0
29,9,0.0,0.0,0.0,10,0,0
30,9,0.0,0.0,0.0,10,0,0
31,9,0.0,0.0,0.0,10,0,0
32,9,0.0,0.0,0.0,10,0,0
33,9,0.0,0.0,0.0,10,0,0
34,9,0.0,0.0,0.0,10,0,0
35,9,0.0,0.0,0.0,10,0,0
36,9,0.0,0.0,0.0,10,0,0
37,9,0.0,0.0,0.0,10,0,0
38,9,0.0,0.0,0.0,10,0,0
39,9,0.0,0.0,0.0,10,0,0
40,9,0.0,0.0,0.0,10,0,0
41,9,0.0,0.0,0.0,10,0,0
42,9,0.0,0.0,0.0,10,0,0
43,9,0.0,0.0,0.0,10,0,0
44,9,0.0,0.0,0.0,10,0,0
45,9,100.0,1.0,1.0,3,1,0
46,9,0.0,0.0,0.0,10,0,0
47,9,0.0,0.0,0.0,10,0,0
48,9,0.0,0.0,0.0,10,0,0
49,9,0.0,0.0,0.0,10,0,0
50,9,0.0,0.0,0.0,10,0,0
51,9,0.0,0.0,0.0,10,0,0
52,9,0.0,0.0,0.0,10,0,0
53,9,0.0,0.0,0.0,10,0,0
54,9,0.0,0.0,0.0,10,0,0
55,9,0.0,0.0,0.0,10,0,0
56,9,200.0,1.0,1.0,3,1,0
57,9,200.0,2.0,1.0,3,2,0
58,9,800.0,3.0,2.0,3,3,0
59,9,0.0,0.0,0.0,10,0,0
60,9,300.0,1.0,1.0,3,1,0
61,9,0.0,0.0,0.0,10,0,0
62,9,0.0,0.0,0.0,10,0,0
63,9,0.0,0.0,0.0,10,0,0
64,9,0.0,0.0,0.0,10,0,0
65,9,0.0,0.0,0.0,10,0,0
66,9,0.0,0.0,0.0,10,0,0
67,9,0.0,0.0,0.0,10,0,0
68,9,250.0,1.0,1.0,3,1,0
69,9,0.0,0.0,0.0,10,0,0
70,9,300.0,1.0,1.0,3,1,0
71,9,0.0,0.0,0.0,10,0,0
72,9,0.0,0.0,0.0,10,0,0
73,9,0.0,0.0,0.0,10,0,0
74,9,0.0,0.0,0.0,10,0,0
75,9,0.0,0.0,0.0,10,0,0
76,9,200.0,1.0,1.0,3,1,0
77,9,0.0,0.0,0.0,10,0,0
78,9,0.0,0.0,0.0,10,0,0
79,9,0.0,0.0,0.0,10,0,0
80,9,0.0,0.0,0.0,10,0,1
0,10,0.0,0.0,0.0,10,0,0
1,10,0.0,0.0,0.0,10,0,0
2,10,0.0,0.0,0.0,10,0,0
3,10,0.0,0.0,0.0,10,0,0
4,10,0.0,0.0,0.0,10,0,0
5,10,0.0,0.0,0.0,10,0,0
6,10,0.0,0.0,0.0,10,0,0
7,10,0.0,0.0,0.0,10,0,0
8,10,0.0,0.0,0.0,10,0,0
9,10,0.0,0.0,0.0,10,0,0
10,10,0.0,0.0,0.0,10,0,0
11,10,0.0,0.0,0.0,10,0,0
12,10,0.0,0.0,0.0,10,0,0
13,10,0.0,0.0,0.0,10,0,0
14,10,0.0,0.0,0.0,10,0,0
15,10,0.0,0.0,0.0,10,0,0
16,10,0.0,0.0,0.0,10,0,0
17,10,0.0,0.0,0.0,10,0,0
18,10,0.0,0.0,0.0,10,0,0
19,10,0.0,0.0,0.0,10,0,0
20,10,0.0,0.0,0.0,10,0,0
21,10,0.0,0.0,0.0,10,0,0
22,10,0.0,0.0,0.0,10,0,0
23,10,0.0,0.0,0.0,10,0,0
24,10,0.0,0.0,0.0,10,0,0
25,10,0.0,0.0,0.0,10,0,0
26,10,0.0,0.0,0.0,10,0,0
27,10,0.0,0.0,0.0,10,0,0
28,10,0.0,0.0,0.0,10,0,0
29,10,0.0,0.0,0.0,10,0,0
30,10,0.0,0.0,0.0,10,0,0
31,10,0.0,0.0,0.0,10,0,0
32,10,0.0,0.0,0.0,10,0,0
33,10,0.0,0.0,0.0,10,0,0
34,10,0.0,0.0,0.0,10,0,0
35,10,0.0,0.0,0.0,10,0,0
36,10,0.0,0.0,0.0,10,0,0
37,10,0.0,0.0,0.0,10,0,0
38,10,0.0,0.0,0.0,10,0,0
39,10,0.0,0.0,0.0,10,0,0
40,10,0.0,0.0,0.0,10,0,0
41,10,0.0,0.0,0.0,10,0,0
42,10,0.0,0.0,0.0,10,0,0
43,10,0.0,0.0,0.0,10,0,0
44,10,0.0,0.0,0.0,10,0,0
45,10,0.0,0.0,0.0,10,0,0
46,10,0.0,0.0,0.0,10,0,0
47,10,0.0,0.0,0.0,10,0,0
48,10,0.0,0.0,0.0,10,0,0
49,10,0.0,0.0,0.0,10,0,0
50,10,0.0,0.0,0.0,10,0,0
51,10,0.0,0.0,0.0,10,0,0
52,10,0.0,0.0,0.0,10,0,0
53,10,0.0,0.0,0.0,10,0,0
54,10,0.0,0.0,0.0,10,0,0
55,10,0.0,0.0,0.0,10,0,0
56,10,0.0,0.0,0.0,10,0,0
57,10,0.0,0.0,0.0,10,0,0
58,10,0.0,0.0,0.0,10,0,0
59,10,0.0,0.0,0.0,10,0,0
60,10,0.0,0.0,0.0,10,0,0
61,10,0.0,0.0,0.0,10,0,0
62,10,0.0,0.0,0.0,10,0,0
63,10,0.0,0.0,0.0,10,0,0
64,10,0.0,0.0,0.0,10,0,0
65,10,0.0,0.0,0.0,10,0,0
66,10,0.0,0.0,0.0,10,0,0
67,10,0.0,0.0,0.0,10,0,0
68,10,0.0,0.0,0.0,10,0,1
69,10,300.0,2.0,1.0,3,2,0
70,10,0.0,0.0,0.0,10,0,0
71,10,0.0,0.0,0.0,10,0,0
72,10,0.0,0.0,0.0,10,0,0
73,10,200.0,2.0,2.0,3,2,0
74,10,150.0,2.0,1.0,3,2,0
75,10,400.0,2.0,1.0,3,2,0
76,10,400.0,2.0,2.0,3,2,0
77,10,400.0,2.0,2.0,3,2,0
78,10,400.0,2.0,2.0,3,2,0
79,10,350.0,2.0,2.0,3,2,0
80,10,400.0,2.0,2.0,3,2,1
0,11,0.0,0.0,0.0,10,0,0
1,11,0.0,0.0,0.0,10,0,0
2,11,0.0,0.0,0.0,10,0,0
3,11,0.0,0.0,0.0,10,0,0
4,11,0.0,0.0,0.0,10,0,0
5,11,0.0,0.0,0.0,10,0,0
6,11,0.0,0.0,0.0,10,0,0
7,11,0.0,0.0,0.0,10,0,0
8,11,0.0,0.0,0.0,10,0,0
9,11,0.0,0.0,0.0,10,0,0
10,11,0.0,0.0,0.0,10,0,0
11,11,0.0,0.0,0.0,10,0,0
12,11,0.0,0.0,0.0,10,0,0
13,11,0.0,0.0,0.0,10,0,0
14,11,0.0,0.0,0.0,10,0,0
15,11,0.0,0.0,0.0,10,0,0
16,11,0.0,0.0,0.0,10,0,0
17,11,0.0,0.0,0.0,10,0,0
18,11,0.0,0.0,0.0,10,0,0
19,11,0.0,0.0,0.0,10,0,0
20,11,0.0,0.0,0.0,10,0,0
21,11,0.0,0.0,0.0,10,0,0
22,11,0.0,0.0,0.0,10,0,0
23,11,0.0,0.0,0.0,10,0,0
24,11,0.0,0.0,0.0,10,0,0
25,11,0.0,0.0,0.0,10,0,0
26,11,0.0,0.0,0.0,10,0,0
27,11,0.0,0.0,0.0,10,0,0
28,11,0.0,0.0,0.0,10,0,0
29,11,0.0,0.0,0.0,10,0,0
30,11,0.0,0.0,0.0,10,0,0
31,11,0.0,0.0,0.0,10,0,0
32,11,0.0,0.0,0.0,10,0,0
33,11,0.0,0.0,0.0,10,0,0
34,11,0.0,0.0,0.0,10,0,0
35,11,0.0,0.0,0.0,10,0,0
36,11,0.0,0.0,0.0,10,0,0
37,11,100.0,1.0,1.0,3,1,0
38,11,0.0,0.0,0.0,10,0,0
39,11,0.0,0.0,0.0,10,0,0
40,11,0.0,0.0,0.0,10,0,0
41,11,0.0,0.0,0.0,10,0,0
42,11,0.0,0.0,0.0,10,0,0
43,11,0.0,0.0,0.0,10,0,0
44,11,0.0,0.0,0.0,10,0,0
45,11,0.0,0.0,0.0,10,0,0
46,11,0.0,0.0,0.0,10,0,0
47,11,0.0,0.0,0.0,10,0,0
48,11,0.0,0.0,0.0,10,0,0
49,11,10.0,1.0,1.0,3,1,0
50,11,0.0,0.0,0.0,10,0,0
51,11,185.0,1.0,1.0,3,1,0
52,11,100.0,0.0,0.0,3,2,0
53,11,120.0,0.0,1.0,3,2,0
54,11,0.0,0.0,0.0,10,0,0
55,11,110.0,0.5,0.5,3,3,0
56,11,1600.0,0.0,0.0,1,4,0
57,11,0.0,0.0,0.0,10,0,0
58,11,0.0,0.0,0.0,10,0,0
59,11,400.0,0.0,1.0,3,1,0
60,11,385.0,4.0,3.0,3,4,0
61,11,2000.0,0.0,0.0,2,1,0
62,11,620.0,3.0,2.0,8,3,0
63,11,1350.0,2.0,3.0,3,12,0
64,11,250.0,0.0,1.0,7,1,0
65,11,1110.0,3.6666666666666665,3.6666666666666665,3,14,0
66,11,1110.0,7.0,8.0,3,8,0
67,11,990.0,11.0,2.0,3,12,0
68,11,1210.0,5.0,2.6,3,18,0
69,11,1520.0,7.5,1.4285714285714286,3,17,0
70,11,5360.0,9.0,4.0,6,10,0
71,11,510.0,3.5,3.5,3,9,0
72,11,3020.0,11.0,0.8333333333333334,3,11,0
73,11,1970.0,0.5714285714285714,2.6666666666666665,3,11,0
74,11,553.0,2.0,1.0,6,2,0
75,11,559.0,2.0,3.0,3,12,0
76,11,1715.0,5.5,2.25,4,13,0
77,11,2294.0,2.5,3.6666666666666665,3,14,0
78,11,240.0,6.0,6.0,3,7,0
79,11,310.0,6.0,2.5,3,7,0
80,11,70.0,2.0,2.0,3,3,0
0,12,0.0,0.0,0.0,10,0,0
1,12,0.0,0.0,0.0,10,0,0
2,12,0.0,0.0,0.0,10,0,0
3,12,0.0,0.0,0.0,10,0,0
4,12,0.0,0.0,0.0,10,0,0
5,12,0.0,0.0,0.0,10,0,0
6,12,0.0,0.0,0.0,10,0,0
7,12,0.0,0.0,0.0,10,0,0
8,12,360.0,0.0,0.0,3,1,0
9,12,0.0,0.0,0.0,10,0,0
10,12,0.0,0.0,0.0,10,0,0
11,12,0.0,0.0,0.0,10,0,0
12,12,0.0,0.0,0.0,10,0,0
13,12,0.0,0.0,0.0,10,0,0
14,12,0.0,0.0,0.0,10,0,0
15,12,0.0,0.0,0.0,10,0,0
16,12,0.0,0.0,0.0,10,0,0
17,12,0.0,0.0,0.0,10,0,0
18,12,0.0,0.0,0.0,10,0,0
19,12,0.0,0.0,0.0,10,0,0
20,12,0.0,0.0,0.0,10,0,0
21,12,0.0,0.0,0.0,10,0,0
22,12,0.0,0.0,0.0,10,0,0
23,12,0.0,0.0,0.0,10,0,0
24,12,0.0,0.0,0.0,10,0,0
25,12,0.0,0.0,0.0,10,0,0
26,12,0.0,0.0,0.0,10,0,0
27,12,0.0,0.0,0.0,10,0,0
28,12,0.0,0.0,0.0,10,0,0
29,12,0.0,0.0,0.0,10,0,0
30,12,0.0,0.0,0.0,10,0,0
31,12,0.0,0.0,0.0,10,0,0
32,12,0.0,0.0,0.0,10,0,0
33,12,0.0,0.0,0.0,10,0,0
34,12,0.0,0.0,0.0,10,0,0
35,12,50.0,1.0,1.0,6,1,0
36,12,0.0,0.0,0.0,10,0,0
37,12,400.0,0.0,0.0,3,1,0
38,12,150.0,1.0,1.0,3,1,0
39,12,60.0,1.0,1.0,3,1,0
40,12,0.0,0.0,0.0,10,0,0
41,12,150.0,2.0,2.0,3,2,0
42,12,0.0,0.0,0.0,10,0,0
43,12,0.0,0.0,0.0,10,0,0
44,12,0.0,0.0,0.0,10,0,0
45,12,0.0,0.0,0.0,10,0,0
46,12,0.0,0.0,0.0,10,0,0
47,12,20.0,1.0,0.0,3,1,0
48,12,100.0,1.0,1.0,3,1,0
49,12,0.0,0.0,0.0,10,0,0
50,12,25.0,1.0,1.0,3,1,0
51,12,0.0,0.0,0.0,10,0,0
52,12,75.0,1.0,1.0,3,1,0
53,12,0.0,0.0,0.0,10,0,0
54,12,195.0,1.0,1.0,3,1,0
55,12,0.0,0.0,0.0,10,0,0
56,12,0.0,0.0,0.0,10,0,0
57,12,0.0,0.0,0.0,10,0,0
58,12,0.0,0.0,0.0,10,0,0
59,12,0.0,0.0,0.0,10,0,0
60,12,0.0,0.0,0.0,10,0,0
61,12,0.0,0.0,0.0,10,0,0
62,12,50.0,1.0,1.0,6,1,0
63,12,0.0,0.0,0.0,10,0,0
64,12,60.0,1.0,1.0,9,1,0
65,12,195.0,1.0,1.0,3,1,0
66,12,0.0,0.0,0.0,10,0,0
67,12,400.0,1.0,0.0,3,1,1
68,12,0.0,0.0,0.0,10,0,0
69,12,0.0,0.0,0.0,10,0,0
70,12,0.0,0.0,0.0,10,0,0
71,12,0.0,0.0,0.0,10,0,0
72,12,0.0,0.0,0.0,10,0,0
73,12,0.0,0.0,0.0,10,0,0
74,12,0.0,0.0,0.0,10,0,0
75,12,0.0,0.0,0.0,10,0,0
76,12,0.0,0.0,0.0,10,0,0
77,12,0.0,0.0,0.0,10,0,0
78,12,0.0,0.0,0.0,10,0,0
79,12,0.0,0.0,0.0,10,0,0
80,12,0.0,0.0,0.0,10,0,0
0,13,0.0,0.0,0.0,10,0,0
1,13,0.0,0.0,0.0,10,0,0
2,13,4415.0,4.428571428571429,6.6,3,38,0
3,13,3878.0,2.25,4.571428571428571,3,39,0
4,13,7514.0,2.3333333333333335,1.8571428571428572,3,40,0
5,13,17726.0,3.375,10.666666666666666,3,70,0
6,13,4295.0,1.4444444444444444,1.75,3,22,0
7,13,4629.0,1.4285714285714286,17.0,3,17,0
8,13,4170.0,6.5,14.0,3,15,0
9,13,4515.0,10.0,4.5,3,11,0
10,13,122.0,7.0,0.0,6,8,0
11,13,1178.0,5.0,4.0,3,5,0
12,13,4070.0,2.8,8.5,6,19,0
13,13,2001.0,9.0,2.3333333333333335,3,20,0
14,13,3027.0,4.666666666666667,3.25,3,17,0
15,13,10280.0,18.0,18.0,6,19,0
16,13,5287.0,7.0,15.0,3,32,0
17,13,7056.0,7.666666666666667,4.2,3,26,0
18,13,4405.0,14.0,14.0,3,14,0
19,13,14288.0,3.8181818181818183,16.666666666666668,3,53,0
20,13,4922.0,8.666666666666666,6.25,3,29,0
21,13,4445.0,8.0,9.0,3,9,0
22,13,10300.0,4.75,10.5,6,23,0
23,13,19540.0,9.2,4.1,3,51,0
24,13,6707.0,3.3333333333333335,1.6,3,26,0
25,13,595.0,1.0,1.0,3,6,0
26,13,4419.0,4.2,5.5,6,26,0
27,13,1832.0,2.4444444444444446,5.2,3,31,0
28,13,10144.0,4.142857142857143,17.0,3,36,0
29,13,4675.0,9.0,20.0,3,20,0
30,13,22810.0,13.0,5.0,6,42,0
31,13,2427.0,2.0,0.5,3,9,0
32,13,2950.0,2.5,3.6666666666666665,3,14,0
33,13,37655.0,6.333333333333333,5.285714285714286,3,44,0
34,13,1740.0,6.0,6.0,3,7,0
35,13,1360.0,4.0,4.0,3,4,0
36,13,8220.0,9.0,19.0,3,20,0
37,13,17928.0,4.625,14.0,3,45,0
38,13,1088.0,4.0,1.5,3,10,0
39,13,3280.0,0.8333333333333334,10.0,6,11,0
40,13,4432.0,2.5,2.888888888888889,3,35,0
41,13,3640.0,4.375,9.75,3,43,0
42,13,2323.0,5.5,1.6,3,13,0
43,13,3140.0,2.1666666666666665,8.5,3,19,0
44,13,5335.0,19.0,8.5,3,19,0
45,13,1085.0,6.0,6.0,3,7,0
46,13,5256.0,7.0,7.0,3,16,0
47,13,9101.0,3.2857142857142856,14.0,6,30,0
48,13,1510.0,2.0,2.0,3,15,0
49,13,780.0,8.0,3.0,3,8,0
50,13,6700.0,5.0,6.0,3,6,0
51,13,13850.0,1.7333333333333334,19.5,3,41,0
52,13,13067.0,3.875,18.5,3,39,6
53,13,2067.0,20.0,9.0,3,20,0
54,13,8995.0,12.0,26.0,6,26,0
55,13,24105.0,8.2,5.571428571428571,6,46,0
56,13,7970.0,21.0,3.2,2,21,1
57,13,6090.0,7.0,2.5,3,7,2
58,13,24660.0,30.5,3.5,2,63,0
59,13,11295.0,5.875,5.875,3,55,0
60,13,3170.0,6.0,3.6666666666666665,3,28,6
61,13,12192.0,6.285714285714286,9.2,3,51,0
62,13,2665.0,13.0,12.0,3,13,1
63,13,13024.0,2.4210526315789473,1.826086956521739,3,65,0
64,13,25676.0,3.9130434782608696,3.0357142857142856,3,113,0
65,13,26664.0,4.5,5.875,3,110,0
66,13,9078.0,3.6,6.666666666666667,3,46,0
67,13,52236.0,8.5,3.3846153846153846,2,114,3
68,13,23690.0,2.625,3.142857142857143,3,58,0
69,13,13024.0,18.0,18.0,3,19,0
70,13,2760.0,9.5,21.0,3,21,0
71,13,18032.0,5.75,4.4,2,54,0
72,13,27236.11,2.473684210526316,5.0,3,66,0
73,13,21603.0,3.625,2.7,3,74,0
74,13,164115.0,9.4,9.4,3,52,0
75,13,15009.0,3.0714285714285716,4.181818181818182,3,57,2
76,13,11231.0,3.5,17.0,3,54,0
77,13,7050.0,4.0,14.0,3,30,0
78,13,7402.0,2.1666666666666665,3.75,3,19,0
79,13,13378.0,1.7272727272727273,9.0,3,30,1
80,13,9335.0,1.5,3.2857142857142856,3,30,3
0,14,0.0,0.0,0.0,10,0,0
1,14,0.0,0.0,0.0,10,0,16
2,14,0.0,0.0,0.0,10,0,0
3,14,0.0,0.0,0.0,10,0,0
4,14,0.0,0.0,0.0,10,0,0
5,14,0.0,0.0,0.0,10,0,0
6,14,0.0,0.0,0.0,10,0,0
7,14,0.0,0.0,0.0,10,0,0
8,14,0.0,0.0,0.0,10,0,0
9,14,0.0,0.0,0.0,10,0,0
10,14,0.0,0.0,0.0,10,0,0
11,14,0.0,0.0,0.0,10,0,0
12,14,0.0,0.0,0.0,10,0,0
13,14,0.0,0.0,0.0,10,0,0
14,14,0.0,0.0,0.0,10,0,0
15,14,0.0,0.0,0.0,10,0,0
16,14,0.0,0.0,0.0,10,0,0
17,14,0.0,0.0,0.0,10,0,0
18,14,0.0,0.0,0.0,10,0,0
19,14,0.0,0.0,0.0,10,0,0
20,14,0.0,0.0,0.0,10,0,0
21,14,0.0,0.0,0.0,10,0,0
22,14,0.0,0.0,0.0,10,0,0
23,14,0.0,0.0,0.0,10,0,0
24,14,0.0,0.0,0.0,10,0,0
25,14,0.0,0.0,0.0,10,0,0
26,14,0.0,0.0,0.0,10,0,0
27,14,0.0,0.0,0.0,10,0,0
28,14,0.0,0.0,0.0,10,0,0
29,14,0.0,0.0,0.0,10,0,0
30,14,0.0,0.0,0.0,10,0,0
31,14,0.0,0.0,0.0,10,0,0
32,14,0.0,0.0,0.0,10,0,0
33,14,0.0,0.0,0.0,10,0,0
34,14,0.0,0.0,0.0,10,0,0
35,14,0.0,0.0,0.0,10,0,0
36,14,0.0,0.0,0.0,10,0,0
37,14,0.0,0.0,0.0,10,0,0
38,14,0.0,0.0,0.0,10,0,0
39,14,0.0,0.0,0.0,10,0,0
40,14,0.0,0.0,0.0,10,0,0
41,14,0.0,0.0,0.0,10,0,0
42,14,0.0,0.0,0.0,10,0,0
43,14,0.0,0.0,0.0,10,0,0
44,14,0.0,0.0,0.0,10,0,0
45,14,0.0,0.0,0.0,10,0,0
46,14,0.0,0.0,0.0,10,0,0
47,14,0.0,0.0,0.0,10,0,0
48,14,0.0,0.0,0.0,10,0,0
49,14,0.0,0.0,0.0,10,0,0
50,14,0.0,0.0,0.0,10,0,0
51,14,0.0,0.0,0.0,10,0,0
52,14,0.0,0.0,0.0,10,0,0
53,14,0.0,0.0,0.0,10,0,0
54,14,0.0,0.0,0.0,10,0,0
55,14,55.0,1.0,1.0,1,1,0
56,14,0.0,0.0,0.0,10,0,0
57,14,0.0,0.0,0.0,10,0,0
58,14,201.0,3.0,3.0,3,3,0
59,14,0.0,0.0,0.0,10,0,0
60,14,0.0,0.0,0.0,10,0,0
61,14,0.0,0.0,0.0,10,0,0
62,14,0.0,0.0,0.0,10,0,0
63,14,0.0,0.0,0.0,10,0,0
64,14,0.0,0.0,0.0,10,0,0
65,14,290.0,1.0,2.0,3,2,0
66,14,0.0,0.0,0.0,10,0,0
67,14,0.0,0.0,0.0,10,0,0
68,14,0.0,0.0,0.0,10,0,0
69,14,0.0,0.0,0.0,10,0,0
70,14,0.0,0.0,0.0,10,0,0
71,14,0.0,0.0,0.0,10,0,0
72,14,0.0,0.0,0.0,10,0,0
73,14,0.0,0.0,0.0,10,0,0
74,14,0.0,0.0,0.0,10,0,1
75,14,0.0,0.0,0.0,10,0,0
76,14,385.0,0.0,2.0,1,2,1
77,14,0.0,0.0,0.0,10,0,0
78,14,0.0,0.0,0.0,10,0,0
79,14,0.0,0.0,0.0,10,0,0
80,14,0.0,0.0,0.0,10,0,1
0,15,0.0,0.0,0.0,10,0,0
1,15,0.0,0.0,0.0,10,0,0
2,15,0.0,0.0,0.0,10,0,0
3,15,0.0,0.0,0.0,10,0,0
4,15,0.0,0.0,0.0,10,0,0
5,15,0.0,0.0,0.0,10,0,0
6,15,0.0,0.0,0.0,10,0,0
7,15,0.0,0.0,0.0,10,0,0
8,15,0.0,0.0,0.0,10,0,0
9,15,0.0,0.0,0.0,10,0,0
10,15,0.0,0.0,0.0,10,0,0
11,15,0.0,0.0,0.0,10,0,0
12,15,0.0,0.0,0.0,10,0,0
13,15,0.0,0.0,0.0,10,0,0
14,15,0.0,0.0,0.0,10,0,0
15,15,0.0,0.0,0.0,10,0,0
16,15,0.0,0.0,0.0,10,0,0
17,15,0.0,0.0,0.0,10,0,0
18,15,0.0,0.0,0.0,10,0,0
19,15,0.0,0.0,0.0,10,0,0
20,15,0.0,0.0,0.0,10,0,0
21,15,0.0,0.0,0.0,10,0,0
22,15,0.0,0.0,0.0,10,0,0
23,15,0.0,0.0,0.0,10,0,1
24,15,0.0,0.0,0.0,10,0,0
25,15,400.0,1.0,0.0,4,1,0
26,15,0.0,0.0,0.0,10,0,0
27,15,0.0,0.0,0.0,10,0,0
28,15,0.0,0.0,0.0,10,0,0
29,15,0.0,0.0,0.0,10,0,0
30,15,0.0,0.0,0.0,10,0,0
31,15,0.0,0.0,0.0,10,0,0
32,15,0.0,0.0,0.0,10,0,0
33,15,0.0,0.0,0.0,10,0,0
34,15,0.0,0.0,0.0,10,0,0
35,15,0.0,0.0,0.0,10,0,0
36,15,0.0,0.0,0.0,10,0,0
37,15,0.0,0.0,0.0,10,0,0
38,15,0.0,0.0,0.0,10,0,0
39,15,0.0,0.0,0.0,10,0,0
40,15,0.0,0.0,0.0,10,0,0
41,15,0.0,0.0,0.0,10,0,0
42,15,0.0,0.0,0.0,10,0,0
43,15,0.0,0.0,0.0,10,0,0
44,15,0.0,0.0,0.0,10,0,0
45,15,0.0,0.0,0.0,10,0,0
46,15,0.0,0.0,0.0,10,0,0
47,15,0.0,0.0,0.0,10,0,0
48,15,0.0,0.0,0.0,10,0,0
49,15,0.0,0.0,0.0,10,0,0
50,15,0.0,0.0,0.0,10,0,0
51,15,0.0,0.0,0.0,10,0,0
52,15,0.0,0.0,0.0,10,0,0
53,15,0.0,0.0,0.0,10,0,0
54,15,0.0,0.0,0.0,10,0,0
55,15,0.0,0.0,0.0,10,0,0
56,15,0.0,0.0,0.0,10,0,0
57,15,0.0,0.0,0.0,10,0,0
58,15,0.0,0.0,0.0,10,0,0
59,15,0.0,0.0,0.0,10,0,0
60,15,0.0,0.0,0.0,10,0,0
61,15,0.0,0.0,0.0,10,0,0
62,15,0.0,0.0,0.0,10,0,0
63,15,0.0,0.0,0.0,10,0,1
64,15,0.0,0.0,0.0,10,0,0
65,15,250.0,1.0,0.0,3,1,0
66,15,0.0,0.0,0.0,10,0,0
67,15,0.0,0.0,0.0,10,0,0
68,15,0.0,0.0,0.0,10,0,0
69,15,0.0,0.0,0.0,10,0,0
70,15,0.0,0.0,0.0,10,0,0
71,15,0.0,0.0,0.0,10,0,0
72,15,0.0,0.0,0.0,10,0,0
73,15,0.0,0.0,0.0,10,0,0
74,15,0.0,0.0,0.0,10,0,0
75,15,0.0,0.0,0.0,10,0,0
76,15,0.0,0.0,0.0,10,0,0
77,15,0.0,0.0,0.0,10,0,0
78,15,0.0,0.0,0.0,10,0,0
79,15,0.0,0.0,0.0,10,0,0
80,15,0.0,0.0,0.0,10,0,0
0,16,0.0,0.0,0.0,10,0,0
1,16,0.0,0.0,0.0,10,0,0
2,16,12043.0,4.083333333333333,14.25,3,61,0
3,16,6748.0,1.0344827586206897,3.5384615384615383,3,59,0
4,16,17296.0,1.4285714285714286,4.95,3,119,0
5,16,28789.0,2.878787878787879,3.923076923076923,3,128,0
6,16,14286.0,0.9111111111111111,1.8666666666666667,3,86,0
7,16,15801.0,1.15625,2.8333333333333335,3,69,0
8,16,8570.0,0.9375,4.166666666666667,3,31,0
9,16,30056.0,1.2619047619047619,2.6538461538461537,3,95,0
10,16,15994.0,1.92,1.92,3,73,0
11,16,18606.0,2.5,3.0,3,84,0
12,16,22449.0,2.0,3.8260869565217392,3,111,0
13,16,21389.0,2.2962962962962963,4.5625,3,89,0
14,16,17470.0,1.4871794871794872,4.388888888888889,3,97,0
15,16,13351.0,1.0,3.0,3,40,0
16,16,16116.0,2.95,7.777777777777778,3,79,0
17,16,14672.0,1.608695652173913,5.0,3,60,0
18,16,18125.0,6.571428571428571,2.0285714285714285,3,106,0
19,16,24049.0,2.1666666666666665,2.6538461538461537,3,95,0
20,16,26634.0,3.3333333333333335,6.647058823529412,3,130,0
21,16,9199.0,6.75,14.5,3,62,0
22,16,9450.0,2.0,2.8181818181818183,3,42,0
23,16,20572.0,4.476190476190476,4.75,3,115,0
24,16,32590.0,2.08,1.4838709677419355,3,77,0
25,16,29330.0,4.269230769230769,6.2105263157894735,3,137,0
26,16,14932.0,2.6666666666666665,1.4444444444444444,3,66,0
27,16,24711.0,2.7058823529411766,2.9375,3,63,0
28,16,15990.0,5.214285714285714,6.909090909090909,3,87,0
29,16,8790.0,1.3333333333333333,9.5,3,42,0
30,16,19035.0,3.6470588235294117,4.642857142857143,3,79,0
31,16,12290.0,2.875,7.857142857142857,3,62,0
32,16,18015.0,3.6818181818181817,4.15,3,103,0
33,16,23862.0,2.25,3.1052631578947367,3,78,0
34,16,13727.0,1.0625,3.4,3,66,0
35,16,16827.0,2.375,5.75,3,54,0
36,16,8322.0,1.6875,7.6,3,43,0
37,16,22272.0,2.5,10.666666666666666,3,70,0
38,16,25650.0,2.9473684210526314,9.714285714285714,3,75,0
39,16,16811.0,2.6666666666666665,2.85,3,77,0
40,16,23652.0,2.1739130434782608,2.3181818181818183,3,73,0
41,16,11878.0,1.6923076923076923,4.833333333333333,3,70,0
42,16,17268.0,2.3333333333333335,4.0,3,70,0
43,16,7389.0,2.0,8.0,3,36,0
44,16,17669.0,2.1666666666666665,5.909090909090909,3,76,0
45,16,16173.0,1.7272727272727273,8.0,3,90,0
46,16,27174.0,3.9545454545454546,3.5416666666666665,3,109,0
47,16,52286.0,1.64,1.64,3,132,0
48,16,15253.0,3.3846153846153846,2.3529411764705883,3,57,0
49,16,15620.0,5.076923076923077,2.95,3,79,0
50,16,4046.0,2.8,5.333333333333333,3,19,0
51,16,26186.0,2.7083333333333335,2.7083333333333335,3,89,1
52,16,19956.0,1.6944444444444444,5.466666666666667,3,97,0
53,16,43016.0,3.037037037037037,3.9545454545454546,3,109,0
54,16,11952.0,2.9375,2.7058823529411766,3,63,0
55,16,27818.0,1.9056603773584906,3.6666666666666665,3,154,0
56,16,27313.0,1.7209302325581395,3.5,3,117,0
57,16,7052.0,1.7272727272727273,6.5,3,30,0
58,16,19853.0,3.125,2.3,3,66,0
59,16,46491.0,1.8125,5.136363636363637,3,135,0
60,16,42291.0,3.0294117647058822,3.892857142857143,3,137,0
61,16,25890.0,2.5,2.64,3,91,0
62,16,14486.119999999999,2.6,5.0,3,72,0
63,16,116337.0,3.4285714285714284,2.4875,3,279,1
64,16,50334.0,1.9841269841269842,3.372093023255814,3,188,0
65,16,64618.0,2.875,4.767441860465116,3,248,0
66,16,62652.0,2.3275862068965516,3.106382978723404,3,193,0
67,16,114494.0,2.0,3.55,3,273,0
68,16,99063.11,2.3968253968253967,2.566666666666667,3,214,1
69,16,35095.0,2.1702127659574466,3.257142857142857,3,149,0
70,16,39332.0,2.5714285714285716,3.347826086956522,3,100,0
71,16,17768.0,0.7575757575757576,4.8,3,58,0
72,16,31420.0,2.3191489361702127,5.5,3,156,2
73,16,47031.0,2.0,6.5,3,195,0
74,16,155656.1,2.5555555555555554,3.324324324324324,3,160,0
75,16,41150.0,2.27027027027027,1.813953488372093,3,121,0
76,16,62788.0,2.1320754716981134,3.15,3,166,0
77,16,28328.0,1.6333333333333333,4.266666666666667,3,79,0
78,16,16059.0,2.0,3.8,3,48,0
79,16,100570.0,2.5,5.333333333333333,3,133,1
80,16,29674.0,3.6315789473684212,4.176470588235294,3,88,1
0,17,0.0,0.0,0.0,10,0,0
1,17,0.0,0.0,0.0,10,0,0
2,17,0.0,0.0,0.0,10,0,0
3,17,0.0,0.0,0.0,10,0,0
4,17,0.0,0.0,0.0,10,0,0
5,17,0.0,0.0,0.0,10,0,0
6,17,0.0,0.0,0.0,10,0,0
7,17,0.0,0.0,0.0,10,0,0
8,17,0.0,0.0,0.0,10,0,0
9,17,0.0,0.0,0.0,10,0,0
10,17,0.0,0.0,0.0,10,0,0
11,17,0.0,0.0,0.0,10,0,0
12,17,0.0,0.0,0.0,10,0,0
13,17,0.0,0.0,0.0,10,0,0
14,17,0.0,0.0,0.0,10,0,0
15,17,0.0,0.0,0.0,10,0,0
16,17,0.0,0.0,0.0,10,0,0
17,17,0.0,0.0,0.0,10,0,0
18,17,0.0,0.0,0.0,10,0,0
19,17,0.0,0.0,0.0,10,0,0
20,17,0.0,0.0,0.0,10,0,0
21,17,0.0,0.0,0.0,10,0,0
22,17,0.0,0.0,0.0,10,0,0
23,17,0.0,0.0,0.0,10,0,0
24,17,0.0,0.0,0.0,10,0,0
25,17,0.0,0.0,0.0,10,0,0
26,17,0.0,0.0,0.0,10,0,0
27,17,0.0,0.0,0.0,10,0,0
28,17,0.0,0.0,0.0,10,0,0
29,17,0.0,0.0,0.0,10,0,0
30,17,0.0,0.0,0.0,10,0,0
31,17,0.0,0.0,0.0,10,0,0
32,17,0.0,0.0,0.0,10,0,0
33,17,0.0,0.0,0.0,10,0,0
34,17,0.0,0.0,0.0,10,0,0
35,17,0.0,0.0,0.0,10,0,0
36,17,0.0,0.0,0.0,10,0,0
37,17,0.0,0.0,0.0,10,0,0
38,17,0.0,0.0,0.0,10,0,0
39,17,0.0,0.0,0.0,10,0,0
40,17,0.0,0.0,0.0,10,0,0
41,17,0.0,0.0,0.0,10,0,0
42,17,0.0,0.0,0.0,10,0,0
43,17,0.0,0.0,0.0,10,0,0
44,17,0.0,0.0,0.0,10,0,0
45,17,0.0,0.0,0.0,10,0,0
46,17,0.0,0.0,0.0,10,0,0
47,17,0.0,0.0,0.0,10,0,0
48,17,0.0,0.0,0.0,10,0,0
49,17,0.0,0.0,0.0,10,0,0
50,17,0.0,0.0,0.0,10,0,0
51,17,0.0,0.0,0.0,10,0,0
52,17,0.0,0.0,0.0,10,0,0
53,17,0.0,0.0,0.0,10,0,0
54,17,0.0,0.0,0.0,10,0,0
55,17,110.0,0.0,2.0,3,2,2
56,17,0.0,0.0,0.0,10,0,0
57,17,0.0,0.0,0.0,10,0,0
58,17,224.0,0.0,0.3333333333333333,3,4,0
59,17,0.0,0.0,0.0,10,0,0
60,17,232.0,0.0,1.0,1,1,0
61,17,0.0,0.0,0.0,10,0,0
62,17,0.0,0.0,0.0,10,0,0
63,17,250.0,0.0,1.0,1,1,2
64,17,0.0,0.0,0.0,10,0,0
65,17,0.0,0.0,0.0,10,0,0
66,17,0.0,0.0,0.0,10,0,0
67,17,0.0,0.0,0.0,10,0,0
68,17,634.0,0.0,0.6666666666666666,1,5,0
69,17,0.0,0.0,0.0,10,0,0
70,17,0.0,0.0,0.0,10,0,0
71,17,0.0,0.0,0.0,10,0,0
72,17,0.0,0.0,0.0,10,0,2
73,17,0.0,0.0,0.0,10,0,0
74,17,562.0,0.0,1.0,2,2,0
75,17,0.0,0.0,0.0,10,0,0
76,17,0.0,0.0,0.0,10,0,0
77,17,0.0,0.0,0.0,10,0,0
78,17,0.0,0.0,0.0,10,0,0
79,17,0.0,0.0,0.0,10,0,0
80,17,0.0,0.0,0.0,10,0,2
0,18,0.0,0.0,0.0,10,0,0
1,18,0.0,0.0,0.0,10,0,19
2,18,18.0,9.0,0.8,4,9,10
3,18,1434.0,2.5,6.0,3,7,2
4,18,38.0,19.0,3.75,4,19,0
5,18,1304.0,12.0,0.8571428571428571,4,13,3
6,18,4386.0,6.0,2.0,3,6,0
7,18,0.0,0.0,0.0,10,0,0
8,18,0.0,0.0,0.0,10,0,0
9,18,0.0,0.0,0.0,10,0,2
10,18,0.0,0.0,0.0,10,0,0
11,18,0.0,0.0,0.0,10,0,3
12,18,460.0,1.0,1.0,9,2,0
13,18,100.0,1.0,1.0,4,1,0
14,18,10.0,5.0,5.0,4,5,0
15,18,0.0,0.0,0.0,10,0,0
16,18,2.0,1.0,0.0,4,1,0
17,18,0.0,0.0,0.0,10,0,0
18,18,402.0,2.0,2.0,4,2,0
19,18,6120.0,4.0,0.0,6,4,0
20,18,3000.0,1.0,1.0,3,1,0
21,18,2.0,1.0,1.0,4,1,0
22,18,0.0,0.0,0.0,10,0,0
23,18,13.0,5.0,1.5,4,5,0
24,18,0.0,0.0,0.0,10,0,0
25,18,9000.0,2.0,2.0,3,2,0
26,18,12325.0,11.0,1.75,4,11,2
27,18,2000.0,1.0,0.0,6,1,0
28,18,6.0,3.0,2.0,4,3,1
29,18,0.0,0.0,0.0,10,0,0
30,18,4.0,2.0,2.0,3,2,1
31,18,4.0,2.0,0.0,4,2,0
32,18,15454.0,7.0,2.5,3,7,2
33,18,1535.0,11.0,1.2,3,11,4
34,18,5665.0,11.0,2.6666666666666665,3,11,0
35,18,2.0,1.0,1.0,4,1,1
36,18,0.0,0.0,0.0,10,0,0
37,18,6.0,3.0,2.0,4,3,1
38,18,0.0,0.0,0.0,10,0,1
39,18,0.0,0.0,0.0,10,0,0
40,18,150.0,1.0,0.0,6,1,0
41,18,0.0,0.0,0.0,10,0,0
42,18,250.0,1.0,0.0,6,1,0
43,18,0.0,0.0,0.0,10,0,0
44,18,2264.0,3.0,2.0,4,3,1
45,18,16704.0,3.0,2.0,4,3,0
46,18,6.0,3.0,3.0,4,3,1
47,18,3299.0,12.0,0.3333333333333333,4,12,1
48,18,1602.0,4.0,0.3333333333333333,3,4,1
49,18,3401.0,5.0,5.0,3,6,2
50,18,900.0,3.0,0.3333333333333333,3,4,0
51,18,5214.0,3.5,0.2857142857142857,3,9,0
52,18,0.0,0.0,0.0,10,0,1
53,18,2401.0,5.0,0.25,3,5,0
54,18,1000.0,5.0,1.5,6,5,0
55,18,307.0,3.0,0.0,3,3,2
56,18,7150.0,4.5,1.75,3,22,7
57,18,989.0,3.0,2.0,3,3,0
58,18,100.0,2.0,0.0,3,2,0
59,18,8355.0,7.0,7.0,3,8,0
60,18,466.0,6.0,2.0,4,6,1
61,18,1084.0,11.0,0.8333333333333334,4,11,1
62,18,34.0,8.0,1.6666666666666667,4,8,0
63,18,1462.0,7.0,8.0,3,8,14
64,18,2639.0,1.6666666666666667,7.0,3,8,0
65,18,10836.0,6.0,6.0,3,7,0
66,18,3203.0,19.0,1.2222222222222223,4,20,0
67,18,2144.0,7.0,3.0,4,8,1
68,18,4268.0,13.0,1.6,4,13,2
69,18,27.0,9.0,0.8,4,9,2
70,18,216.0,9.0,8.0,4,9,2
71,18,1625.0,5.0,1.5,3,5,0
72,18,1278.0,5.0,5.0,4,12,5
73,18,10619.0,10.0,0.5714285714285714,4,11,0
74,18,2470.0,11.0,4.5,4,11,0
75,18,13507.0,22.0,1.75,4,22,0
76,18,4400.0,4.0,0.6666666666666666,3,5,1
77,18,966.0,2.0,5.0,4,6,1
78,18,60.0,1.0,0.0,3,1,0
79,18,48602.0,7.0,2.5,6,7,3
80,18,1702.0,0.0,4.0,6,4,3
0,19,0.0,0.0,0.0,10,0,0
1,19,0.0,0.0,0.0,10,0,25
2,19,0.0,0.0,0.0,10,0,1
3,19,0.0,0.0,0.0,10,0,0
4,19,0.0,0.0,0.0,10,0,0
5,19,0.0,0.0,0.0,10,0,0
6,19,0.0,0.0,0.0,10,0,0
7,19,0.0,0.0,0.0,10,0,0
8,19,50.0,1.0,1.0,4,1,0
9,19,0.0,0.0,0.0,10,0,0
10,19,0.0,0.0,0.0,10,0,0
11,19,0.0,0.0,0.0,10,0,0
12,19,0.0,0.0,0.0,10,0,0
13,19,0.0,0.0,0.0,10,0,0
14,19,0.0,0.0,0.0,10,0,0
15,19,0.0,0.0,0.0,10,0,0
16,19,0.0,0.0,0.0,10,0,0
17,19,0.0,0.0,0.0,10,0,0
18,19,0.0,0.0,0.0,10,0,0
19,19,0.0,0.0,0.0,10,0,0
20,19,0.0,0.0,0.0,10,0,0
21,19,0.0,0.0,0.0,10,0,0
22,19,0.0,0.0,0.0,10,0,0
23,19,0.0,0.0,0.0,10,0,0
24,19,0.0,0.0,0.0,10,0,0
25,19,0.0,0.0,0.0,10,0,0
26,19,0.0,0.0,0.0,10,0,0
27,19,0.0,0.0,0.0,10,0,0
28,19,0.0,0.0,0.0,10,0,0
29,19,0.0,0.0,0.0,10,0,0
30,19,0.0,0.0,0.0,10,0,0
31,19,0.0,0.0,0.0,10,0,0
32,19,0.0,0.0,0.0,10,0,0
33,19,0.0,0.0,0.0,10,0,0
34,19,0.0,0.0,0.0,10,0,0
35,19,0.0,0.0,0.0,10,0,0
36,19,0.0,0.0,0.0,10,0,0
37,19,0.0,0.0,0.0,10,0,0
38,19,0.0,0.0,0.0,10,0,0
39,19,0.0,0.0,0.0,10,0,0
40,19,0.0,0.0,0.0,10,0,0
41,19,0.0,0.0,0.0,10,0,0
42,19,0.0,0.0,0.0,10,0,0
43,19,0.0,0.0,0.0,10,0,0
44,19,0.0,0.0,0.0,10,0,0
45,19,0.0,0.0,0.0,10,0,1
46,19,0.0,0.0,0.0,10,0,0
47,19,0.0,0.0,0.0,10,0,0
48,19,0.0,0.0,0.0,10,0,0
49,19,0.0,0.0,0.0,10,0,0
50,19,0.0,0.0,0.0,10,0,0
51,19,50.0,0.0,0.0,4,1,0
52,19,0.0,0.0,0.0,10,0,0
53,19,0.0,0.0,0.0,10,0,0
54,19,0.0,0.0,0.0,10,0,0
55,19,2.0,0.0,0.0,3,1,0
56,19,0.0,0.0,0.0,10,0,0
57,19,0.0,0.0,0.0,10,0,0
58,19,0.0,0.0,0.0,10,0,0
59,19,0.0,0.0,0.0,10,0,0
60,19,0.0,0.0,0.0,10,0,0
61,19,0.0,0.0,0.0,10,0,0
62,19,0.0,0.0,0.0,10,0,0
63,19,0.0,0.0,0.0,10,0,1
64,19,0.0,0.0,0.0,10,0,0
65,19,0.0,0.0,0.0,10,0,0
66,19,0.0,0.0,0.0,10,0,0
67,19,0.0,0.0,0.0,10,0,0
68,19,0.0,0.0,0.0,10,0,0
69,19,0.0,0.0,0.0,10,0,0
70,19,0.0,0.0,0.0,10,0,0
71,19,0.0,0.0,0.0,10,0,0
72,19,0.0,0.0,0.0,10,0,0
73,19,0.0,0.0,0.0,10,0,0
74,19,0.0,0.0,0.0,10,0,0
75,19,0.0,0.0,0.0,10,0,0
76,19,0.0,0.0,0.0,10,0,0
77,19,0.0,0.0,0.0,10,0,0
78,19,0.0,0.0,0.0,10,0,0
79,19,0.0,0.0,0.0,10,0,0
80,19,0.0,0.0,0.0,10,0,2
0,20,0.0,0.0,0.0,10,0,0
1,20,0.0,0.0,0.0,10,0,0
2,20,0.0,0.0,0.0,10,0,0
3,20,0.0,0.0,0.0,10,0,0
4,20,0.0,0.0,0.0,10,0,0
5,20,0.0,0.0,0.0,10,0,0
6,20,0.0,0.0,0.0,10,0,0
7,20,0.0,0.0,0.0,10,0,0
8,20,0.0,0.0,0.0,10,0,0
9,20,350.0,2.0,0.5,3,6,0
10,20,0.0,0.0,0.0,10,0,0
11,20,0.0,0.0,0.0,10,0,0
12,20,0.0,0.0,0.0,10,0,0
13,20,0.0,0.0,0.0,10,0,0
14,20,0.0,0.0,0.0,10,0,0
15,20,0.0,0.0,0.0,10,0,0
16,20,0.0,0.0,0.0,10,0,0
17,20,0.0,0.0,0.0,10,0,0
18,20,0.0,0.0,0.0,10,0,0
19,20,0.0,0.0,0.0,10,0,0
20,20,0.0,0.0,0.0,10,0,0
21,20,0.0,0.0,0.0,10,0,0
22,20,0.0,0.0,0.0,10,0,0
23,20,0.0,0.0,0.0,10,0,0
24,20,0.0,0.0,0.0,10,0,0
25,20,0.0,0.0,0.0,10,0,0
26,20,0.0,0.0,0.0,10,0,0
27,20,0.0,0.0,0.0,10,0,0
28,20,0.0,0.0,0.0,10,0,0
29,20,0.0,0.0,0.0,10,0,0
30,20,0.0,0.0,0.0,10,0,0
31,20,0.0,0.0,0.0,10,0,0
32,20,0.0,0.0,0.0,10,0,0
33,20,0.0,0.0,0.0,10,0,0
34,20,0.0,0.0,0.0,10,0,0
35,20,0.0,0.0,0.0,10,0,0
36,20,0.0,0.0,0.0,10,0,0
37,20,0.0,0.0,0.0,10,0,0
38,20,0.0,0.0,0.0,10,0,0
39,20,0.0,0.0,0.0,10,0,0
40,20,0.0,0.0,0.0,10,0,0
41,20,0.0,0.0,0.0,10,0,0
42,20,0.0,0.0,0.0,10,0,0
43,20,0.0,0.0,0.0,10,0,0
44,20,0.0,0.0,0.0,10,0,0
45,20,0.0,0.0,0.0,10,0,0
46,20,0.0,0.0,0.0,10,0,0
47,20,0.0,0.0,0.0,10,0,0
48,20,0.0,0.0,0.0,10,0,0
49,20,0.0,0.0,0.0,10,0,0
50,20,0.0,0.0,0.0,10,0,0
51,20,0.0,0.0,0.0,10,0,0
52,20,0.0,0.0,0.0,10,0,0
53,20,0.0,0.0,0.0,10,0,0
54,20,0.0,0.0,0.0,10,0,0
55,20,0.0,0.0,0.0,10,0,0
56,20,0.0,0.0,0.0,10,0,0
57,20,0.0,0.0,0.0,10,0,0
58,20,0.0,0.0,0.0,10,0,0
59,20,0.0,0.0,0.0,10,0,0
60,20,0.0,0.0,0.0,10,0,0
61,20,0.0,0.0,0.0,10,0,0
62,20,0.0,0.0,0.0,10,0,0
63,20,0.0,0.0,0.0,10,0,0
64,20,0.0,0.0,0.0,10,0,0
65,20,0.0,0.0,0.0,10,0,0
66,20,0.0,0.0,0.0,10,0,0
67,20,0.0,0.0,0.0,10,0,0
68,20,0.0,0.0,0.0,10,0,0
69,20,0.0,0.0,0.0,10,0,0
70,20,0.0,0.0,0.0,10,0,0
71,20,0.0,0.0,0.0,10,0,0
72,20,0.0,0.0,0.0,10,0,0
73,20,0.0,0.0,0.0,10,0,0
74,20,0.0,0.0,0.0,10,0,0
75,20,0.0,0.0,0.0,10,0,0
76,20,0.0,0.0,0.0,10,0,0
77,20,0.0,0.0,0.0,10,0,0
78,20,0.0,0.0,0.0,10,0,0
79,20,0.0,0.0,0.0,10,0,0
80,20,0.0,0.0,0.0,10,0,0
0,21,0.0,0.0,0.0,10,0,0
1,21,0.0,0.0,0.0,10,0,0
2,21,0.0,0.0,0.0,10,0,0
3,21,0.0,0.0,0.0,10,0,0
4,21,0.0,0.0,0.0,10,0,0
5,21,0.0,0.0,0.0,10,0,0
6,21,0.0,0.0,0.0,10,0,0
7,21,0.0,0.0,0.0,10,0,0
8,21,0.0,0.0,0.0,10,0,0
9,21,0.0,0.0,0.0,10,0,0
10,21,0.0,0.0,0.0,10,0,0
11,21,0.0,0.0,0.0,10,0,0
12,21,0.0,0.0,0.0,10,0,0
13,21,0.0,0.0,0.0,10,0,0
14,21,0.0,0.0,0.0,10,0,0
15,21,0.0,0.0,0.0,10,0,0
16,21,0.0,0.0,0.0,10,0,0
17,21,0.0,0.0,0.0,10,0,0
18,21,0.0,0.0,0.0,10,0,0
19,21,0.0,0.0,0.0,10,0,0
20,21,360.0,1.0,1.0,3,1,1
21,21,0.0,0.0,0.0,10,0,0
22,21,0.0,0.0,0.0,10,0,0
23,21,0.0,0.0,0.0,10,0,0
24,21,0.0,0.0,0.0,10,0,0
25,21,0.0,0.0,0.0,10,0,0
26,21,0.0,0.0,0.0,10,0,0
27,21,0.0,0.0,0.0,10,0,0
28,21,0.0,0.0,0.0,10,0,0
29,21,0.0,0.0,0.0,10,0,0
30,21,0.0,0.0,0.0,10,0,0
31,21,0.0,0.0,0.0,10,0,0
32,21,0.0,0.0,0.0,10,0,0
33,21,260.0,1.0,1.0,6,1,0
34,21,0.0,0.0,0.0,10,0,0
35,21,0.0,0.0,0.0,10,0,0
36,21,0.0,0.0,0.0,10,0,0
37,21,0.0,0.0,0.0,10,0,0
38,21,0.0,0.0,0.0,10,0,0
39,21,0.0,0.0,0.0,10,0,0
40,21,0.0,0.0,0.0,10,0,0
41,21,0.0,0.0,0.0,10,0,0
42,21,0.0,0.0,0.0,10,0,0
43,21,0.0,0.0,0.0,10,0,0
44,21,0.0,0.0,0.0,10,0,0
45,21,0.0,0.0,0.0,10,0,0
46,21,0.0,0.0,0.0,10,0,0
47,21,0.0,0.0,0.0,10,0,0
48,21,0.0,0.0,0.0,10,0,0
49,21,0.0,0.0,0.0,10,0,0
50,21,0.0,0.0,0.0,10,0,0
51,21,0.0,0.0,0.0,10,0,0
52,21,0.0,0.0,0.0,10,0,0
53,21,0.0,0.0,0.0,10,0,0
54,21,0.0,0.0,0.0,10,0,0
55,21,0.0,0.0,0.0,10,0,0
56,21,0.0,0.0,0.0,10,0,0
57,21,0.0,0.0,0.0,10,0,0
58,21,0.0,0.0,0.0,10,0,0
59,21,0.0,0.0,0.0,10,0,0
60,21,0.0,0.0,0.0,10,0,0
61,21,0.0,0.0,0.0,10,0,0
62,21,0.0,0.0,0.0,10,0,0
63,21,0.0,0.0,0.0,10,0,0
64,21,0.0,0.0,0.0,10,0,0
65,21,0.0,0.0,0.0,10,0,0
66,21,0.0,0.0,0.0,10,0,0
67,21,0.0,0.0,0.0,10,0,0
68,21,0.0,0.0,0.0,10,0,0
69,21,0.0,0.0,0.0,10,0,0
70,21,0.0,0.0,0.0,10,0,0
71,21,0.0,0.0,0.0,10,0,0
72,21,0.0,0.0,0.0,10,0,0
73,21,0.0,0.0,0.0,10,0,0
74,21,0.0,0.0,0.0,10,0,0
75,21,0.0,0.0,0.0,10,0,0
76,21,0.0,0.0,0.0,10,0,0
77,21,0.0,0.0,0.0,10,0,0
78,21,0.0,0.0,0.0,10,0,0
79,21,0.0,0.0,0.0,10,0,0
80,21,0.0,0.0,0.0,10,0,0
0,22,0.0,0.0,0.0,10,0,0
1,22,0.0,0.0,0.0,10,0,0
2,22,0.0,0.0,0.0,10,0,0
3,22,0.0,0.0,0.0,10,0,0
4,22,0.0,0.0,0.0,10,0,0
5,22,0.0,0.0,0.0,10,0,0
6,22,0.0,0.0,0.0,10,0,0
7,22,0.0,0.0,0.0,10,0,0
8,22,0.0,0.0,0.0,10,0,0
9,22,0.0,0.0,0.0,10,0,0
10,22,0.0,0.0,0.0,10,0,0
11,22,0.0,0.0,0.0,10,0,0
12,22,0.0,0.0,0.0,10,0,0
13,22,0.0,0.0,0.0,10,0,0
14,22,0.0,0.0,0.0,10,0,0
15,22,0.0,0.0,0.0,10,0,0
16,22,0.0,0.0,0.0,10,0,0
17,22,0.0,0.0,0.0,10,0,0
18,22,0.0,0.0,0.0,10,0,0
19,22,0.0,0.0,0.0,10,0,0
20,22,0.0,0.0,0.0,10,0,0
21,22,0.0,0.0,0.0,10,0,0
22,22,0.0,0.0,0.0,10,0,0
23,22,0.0,0.0,0.0,10,0,0
24,22,0.0,0.0,0.0,10,0,0
25,22,200.0,1.0,0.0,7,1,1
26,22,0.0,0.0,0.0,10,0,0
27,22,0.0,0.0,0.0,10,0,0
28,22,0.0,0.0,0.0,10,0,0
29,22,0.0,0.0,0.0,10,0,0
30,22,0.0,0.0,0.0,10,0,0
31,22,0.0,0.0,0.0,10,0,0
32,22,0.0,0.0,0.0,10,0,0
33,22,0.0,0.0,0.0,10,0,0
34,22,0.0,0.0,0.0,10,0,0
35,22,0.0,0.0,0.0,10,0,0
36,22,0.0,0.0,0.0,10,0,0
37,22,0.0,0.0,0.0,10,0,0
38,22,0.0,0.0,0.0,10,0,0
39,22,0.0,0.0,0.0,10,0,0
40,22,0.0,0.0,0.0,10,0,0
41,22,0.0,0.0,0.0,10,0,0
42,22,0.0,0.0,0.0,10,0,0
43,22,0.0,0.0,0.0,10,0,0
44,22,0.0,0.0,0.0,10,0,0
45,22,0.0,0.0,0.0,10,0,0
46,22,0.0,0.0,0.0,10,0,0
47,22,0.0,0.0,0.0,10,0,0
48,22,0.0,0.0,0.0,10,0,0
49,22,0.0,0.0,0.0,10,0,0
50,22,0.0,0.0,0.0,10,0,0
51,22,0.0,0.0,0.0,10,0,0
52,22,0.0,0.0,0.0,10,0,0
53,22,0.0,0.0,0.0,10,0,0
54,22,0.0,0.0,0.0,10,0,0
55,22,0.0,0.0,0.0,10,0,0
56,22,0.0,0.0,0.0,10,0,0
57,22,0.0,0.0,0.0,10,0,0
58,22,0.0,0.0,0.0,10,0,0
59,22,0.0,0.0,0.0,10,0,0
60,22,0.0,0.0,0.0,10,0,0
61,22,0.0,0.0,0.0,10,0,0
62,22,0.0,0.0,0.0,10,0,0
63,22,0.0,0.0,0.0,10,0,0
64,22,0.0,0.0,0.0,10,0,0
65,22,0.0,0.0,0.0,10,0,0
66,22,0.0,0.0,0.0,10,0,0
67,22,0.0,0.0,0.0,10,0,0
68,22,0.0,0.0,0.0,10,0,0
69,22,0.0,0.0,0.0,10,0,0
70,22,0.0,0.0,0.0,10,0,0
71,22,0.0,0.0,0.0,10,0,0
72,22,0.0,0.0,0.0,10,0,0
73,22,0.0,0.0,0.0,10,0,0
74,22,0.0,0.0,0.0,10,0,0
75,22,0.0,0.0,0.0,10,0,0
76,22,0.0,0.0,0.0,10,0,0
77,22,0.0,0.0,0.0,10,0,0
78,22,0.0,0.0,0.0,10,0,0
79,22,0.0,0.0,0.0,10,0,0
80,22,0.0,0.0,0.0,10,0,0
0,23,0.0,0.0,0.0,10,0,0
1,23,0.0,0.0,0.0,10,0,0
2,23,0.0,0.0,0.0,10,0,0
3,23,0.0,0.0,0.0,10,0,0
4,23,0.0,0.0,0.0,10,0,0
5,23,0.0,0.0,0.0,10,0,0
6,23,0.0,0.0,0.0,10,0,0
7,23,0.0,0.0,0.0,10,0,0
8,23,0.0,0.0,0.0,10,0,0
9,23,0.0,0.0,0.0,10,0,0
10,23,0.0,0.0,0.0,10,0,0
11,23,0.0,0.0,0.0,10,0,0
12,23,0.0,0.0,0.0,10,0,0
13,23,0.0,0.0,0.0,10,0,0
14,23,0.0,0.0,0.0,10,0,0
15,23,0.0,0.0,0.0,10,0,0
16,23,100.0,2.0,2.0,6,2,2
17,23,0.0,0.0,0.0,10,0,0
18,23,0.0,0.0,0.0,10,0,0
19,23,0.0,0.0,0.0,10,0,0
20,23,0.0,0.0,0.0,10,0,0
21,23,0.0,0.0,0.0,10,0,0
22,23,0.0,0.0,0.0,10,0,0
23,23,100.0,2.0,2.0,6,2,0
24,23,0.0,0.0,0.0,10,0,0
25,23,0.0,0.0,0.0,10,0,0
26,23,0.0,0.0,0.0,10,0,0
27,23,0.0,0.0,0.0,10,0,0
28,23,0.0,0.0,0.0,10,0,0
29,23,0.0,0.0,0.0,10,0,0
30,23,0.0,0.0,0.0,10,0,0
31,23,0.0,0.0,0.0,10,0,0
32,23,0.0,0.0,0.0,10,0,0
33,23,0.0,0.0,0.0,10,0,0
34,23,0.0,0.0,0.0,10,0,0
35,23,0.0,0.0,0.0,10,0,0
36,23,0.0,0.0,0.0,10,0,0
37,23,0.0,0.0,0.0,10,0,0
38,23,0.0,0.0,0.0,10,0,0
39,23,0.0,0.0,0.0,10,0,0
40,23,0.0,0.0,0.0,10,0,0
41,23,0.0,0.0,0.0,10,0,0
42,23,0.0,0.0,0.0,10,0,0
43,23,0.0,0.0,0.0,10,0,0
44,23,50.0,1.0,1.0,6,1,0
45,23,0.0,0.0,0.0,10,0,0
46,23,0.0,0.0,0.0,10,0,0
47,23,0.0,0.0,0.0,10,0,0
48,23,0.0,0.0,0.0,10,0,0
49,23,0.0,0.0,0.0,10,0,0
50,23,0.0,0.0,0.0,10,0,0
51,23,0.0,0.0,0.0,10,0,0
52,23,0.0,0.0,0.0,10,0,0
53,23,0.0,0.0,0.0,10,0,0
54,23,0.0,0.0,0.0,10,0,0
55,23,0.0,0.0,0.0,10,0,0
56,23,0.0,0.0,0.0,10,0,0
57,23,0.0,0.0,0.0,10,0,0
58,23,0.0,0.0,0.0,10,0,0
59,23,0.0,0.0,0.0,10,0,0
60,23,0.0,0.0,0.0,10,0,0
61,23,0.0,0.0,0.0,10,0,0
62,23,0.0,0.0,0.0,10,0,0
63,23,0.0,0.0,0.0,10,0,0
64,23,0.0,0.0,0.0,10,0,0
65,23,0.0,0.0,0.0,10,0,0
66,23,0.0,0.0,0.0,10,0,0
67,23,0.0,0.0,0.0,10,0,0
68,23,0.0,0.0,0.0,10,0,0
69,23,0.0,0.0,0.0,10,0,0
70,23,0.0,0.0,0.0,10,0,0
71,23,0.0,0.0,0.0,10,0,0
72,23,0.0,0.0,0.0,10,0,0
73,23,0.0,0.0,0.0,10,0,0
74,23,0.0,0.0,0.0,10,0,0
75,23,0.0,0.0,0.0,10,0,0
76,23,0.0,0.0,0.0,10,0,0
77,23,0.0,0.0,0.0,10,0,0
78,23,0.0,0.0,0.0,10,0,0
79,23,0.0,0.0,0.0,10,0,0
80,23,0.0,0.0,0.0,10,0,0
0,24,0.0,0.0,0.0,10,0,0
1,24,0.0,0.0,0.0,10,0,0
2,24,3052.0,8.5,18.0,3,19,0
3,24,8166.0,0.7037037037037037,3.1818181818181817,3,46,0
4,24,3923.0,2.111111111111111,3.0,3,28,0
5,24,3749.0,3.4,2.6666666666666665,3,22,0
6,24,11661.0,1.3125,2.3636363636363638,3,37,0
7,24,18489.0,1.7,1.3478260869565217,3,54,0
8,24,2570.0,1.0,2.0,3,12,0
9,24,6035.0,2.2222222222222223,3.142857142857143,3,29,0
10,24,60277.0,1.0,4.25,3,42,0
11,24,2140.0,1.5714285714285714,8.0,3,18,0
12,24,6895.0,1.8,4.25,3,42,0
13,24,5920.0,1.0416666666666667,2.769230769230769,3,49,0
14,24,5760.0,1.1,3.2,3,21,0
15,24,4260.0,0.5555555555555556,0.75,3,14,0
16,24,7050.0,3.6363636363636362,5.375,3,51,0
17,24,3164.0,2.75,2.0,3,15,0
18,24,50352.0,1.25,1.0454545454545454,3,45,0
19,24,60923.0,3.272727272727273,10.75,3,47,0
20,24,11775.0,1.8888888888888888,4.777777777777778,3,52,0
21,24,8055.0,2.2857142857142856,1.875,3,23,0
22,24,4835.0,0.35714285714285715,1.1111111111111112,3,19,0
23,24,19484.0,2.6666666666666665,1.9333333333333333,3,44,0
24,24,8444.0,1.5384615384615385,1.5384615384615385,3,33,0
25,24,8130.12,1.3846153846153846,2.4444444444444446,3,31,0
26,24,52243.0,1.4,3.8,3,48,0
27,24,18617.0,0.8181818181818182,0.9354838709677419,3,60,0
28,24,2357.0,3.6666666666666665,1.3333333333333333,3,14,0
29,24,3150.0,4.5,2.6666666666666665,6,11,0
30,24,10740.0,1.8461538461538463,3.625,3,37,0
31,24,3971.0,2.4,16.0,3,17,0
32,24,16440.0,3.0,1.736842105263158,3,52,0
33,24,10310.0,1.8181818181818181,2.875,3,31,0
34,24,24030.0,1.380952380952381,3.5454545454545454,3,50,0
35,24,8220.0,2.0,6.5,3,15,0
36,24,2675.0,2.6666666666666665,1.2,3,11,0
37,24,6228.0,3.0,8.333333333333334,3,28,0
38,24,49124.0,2.1,3.4285714285714284,3,31,0
39,24,12667.0,2.35,2.7222222222222223,3,67,0
40,24,119622.0,2.727272727272727,2.4166666666666665,3,41,0
41,24,12367.0,0.8529411764705882,2.3157894736842106,3,63,0
42,24,5140.0,1.1111111111111112,5.333333333333333,3,19,0
43,24,11735.0,2.5,1.625,6,21,0
44,24,4330.0,2.875,5.2,3,31,0
45,24,12522.0,2.923076923076923,2.642857142857143,3,51,0
46,24,9744.0,1.8461538461538463,3.625,3,37,0
47,24,4452.0,1.2857142857142858,3.5714285714285716,3,32,0
48,24,49365.0,1.0,2.3333333333333335,3,40,0
49,24,12349.0,3.3,4.375,3,43,0
50,24,3495.0,0.8571428571428571,5.5,3,13,0
51,24,32330.0,1.565217391304348,3.9166666666666665,3,59,0
52,24,22046.0,1.1666666666666667,1.7857142857142858,3,39,0
53,24,9766.0,3.0714285714285716,3.0714285714285716,3,57,0
54,24,23326.0,1.7391304347826086,3.2,3,63,0
55,24,25744.0,1.206896551724138,1.0,3,64,0
56,24,27525.0,1.5714285714285714,0.8947368421052632,3,36,0
57,24,8495.0,1.2142857142857142,1.8181818181818181,3,31,0
58,24,19945.1,1.5454545454545454,3.6666666666666665,3,56,0
59,24,86035.0,1.875,2.6315789473684212,3,69,0
60,24,28502.0,1.6578947368421053,2.8846153846153846,3,101,0
61,24,23665.0,2.5517241379310347,3.4782608695652173,3,103,0
62,24,15112.0,1.1111111111111112,1.303030303030303,3,76,0
63,24,49285.0,1.5263157894736843,1.360655737704918,3,144,0
64,24,19999.0,1.6764705882352942,2.7916666666666665,3,91,0
65,24,97593.1,2.0638297872340425,2.5121951219512195,3,144,0
66,24,72324.14,1.9565217391304348,1.9565217391304348,3,204,0
67,24,77791.0,1.28,1.5522388059701493,3,171,0
68,24,216088.0,1.8333333333333333,2.477272727272727,3,153,0
69,24,83495.0,2.3684210526315788,2.0476190476190474,3,128,0
70,24,118869.0,1.9090909090909092,3.923076923076923,3,64,0
71,24,82884.0,1.7727272727272727,1.9047619047619047,3,61,0
72,24,93146.0,1.0655737704918034,1.4705882352941178,3,126,0
73,24,61387.0,1.3962264150943395,2.96875,3,127,0
74,24,60372.0,1.75,12.444444444444445,3,121,0
75,24,237041.0,3.0,3.0,3,92,0
76,24,31696.0,1.024390243902439,2.074074074074074,3,83,0
77,24,20802.0,2.142857142857143,2.6666666666666665,3,66,0
78,24,21336.0,1.125,1.6842105263157894,3,51,0
79,24,47314.0,1.875,1.6285714285714286,3,92,0
80,24,51135.0,1.8392857142857142,1.338235294117647,3,159,0
0,25,0.0,0.0,0.0,10,0,0
1,25,0.0,0.0,0.0,10,0,100
2,25,1452.0,3.0,11.0,4,12,125
3,25,2604.0,2.6666666666666665,10.0,3,11,1
4,25,74.0,22.0,1.2,3,22,1
5,25,11387.0,2.5555555555555554,0.7777777777777778,3,32,4
6,25,6760.0,1.5,4.0,3,5,4
7,25,406.0,3.0,3.0,4,4,4
8,25,940.0,0.0,4.0,3,4,0
9,25,4870.0,2.4,1.4285714285714286,3,17,12
10,25,1277.0,2.5,2.5,3,7,1
11,25,225.0,12.0,5.5,4,13,0
12,25,7818.0,9.333333333333334,1.2142857142857142,3,31,1
13,25,402.0,2.0,2.0,3,2,0
14,25,2135.0,3.6666666666666665,3.6666666666666665,4,14,8
15,25,4000.0,1.0,0.0,6,1,0
16,25,5062.0,2.3157894736842106,3.5,3,63,32
17,25,2469.0,4.0,5.0,4,30,11
18,25,1824.0,7.5,7.5,3,17,8
19,25,3560.0,1.4285714285714286,0.3076923076923077,6,17,4
20,25,5164.0,3.0,7.0,4,24,3
21,25,500.0,7.0,6.0,4,7,3
22,25,680.0,0.0,3.0,3,3,1
23,25,5006.0,5.6,15.5,3,33,13
24,25,562.0,4.0,3.0,6,4,1
25,25,6212.0,5.0,2.0,3,6,3
26,25,11389.0,5.25,2.5714285714285716,3,50,4
27,25,6252.0,4.0,2.3333333333333335,3,10,3
28,25,2187.0,2.0,5.0,3,6,3
29,25,538.0,3.0,2.0,3,3,0
30,25,450.0,1.0,1.0,3,4,1
31,25,702.0,4.0,5.0,3,5,2
32,25,6104.0,8.0,2.0,3,9,3
33,25,13902.0,1.9285714285714286,2.4166666666666665,3,41,8
34,25,8653.0,1.2222222222222223,4.0,3,20,5
35,25,5155.0,6.0,13.0,3,14,2
36,25,800.0,2.0,2.0,3,2,0
37,25,1771.0,4.0,4.0,3,10,5
38,25,3125.0,1.0,2.0,3,6,1
39,25,760.0,3.0,3.0,3,3,2
40,25,2801.0,2.25,13.0,3,13,4
41,25,567.0,3.0,3.0,3,8,4
42,25,870.0,2.0,3.0,3,3,0
43,25,0.0,0.0,0.0,10,0,0
44,25,2660.0,2.0,2.0,3,2,0
45,25,2836.0,2.6666666666666665,4.5,3,11,6
46,25,2834.0,4.666666666666667,16.0,4,17,11
47,25,8900.0,1.7692307692307692,1.7692307692307692,3,36,11
48,25,4632.0,0.5,1.1428571428571428,3,15,3
49,25,3733.0,5.0,1.0,3,12,2
50,25,0.0,0.0,0.0,10,0,0
51,25,1120.0,1.3333333333333333,0.75,3,7,1
52,25,1862.0,4.5,4.5,3,11,3
53,25,3020.71,0.6363636363636364,2.6,3,18,10
54,25,1070.0,9.0,0.42857142857142855,6,10,0
55,25,1305.0,0.4,6.0,4,7,6
56,25,3099.0,5.333333333333333,2.1666666666666665,4,19,10
57,25,2630.0,5.0,5.0,3,5,0
58,25,1760.0,1.6666666666666667,1.6666666666666667,3,8,0
59,25,2405.0,2.5,7.0,3,7,2
60,25,2027.0,4.0,6.5,3,15,7
61,25,21595.0,1.4736842105263157,4.875,6,47,11
62,25,7311.0,0.9090909090909091,4.25,6,21,13
63,25,9898.0,2.4615384615384617,1.5,3,45,179
64,25,7065.0,4.6,2.5,3,28,0
65,25,9448.0,2.2857142857142856,1.0909090909090908,3,23,3
66,25,26575.0,1.1,1.1,3,63,17
67,25,12597.0,2.8333333333333335,2.5384615384615383,3,46,11
68,25,33466.0,2.392857142857143,1.878787878787879,3,95,23
69,25,25563.0,1.037037037037037,0.8333333333333334,3,110,44
70,25,17308.0,2.4375,4.0,3,55,24
71,25,19025.0,6.571428571428571,1.5238095238095237,4,53,0
72,25,14254.0,3.176470588235294,3.4375,3,71,58
73,25,9638.0,1.9090909090909092,3.5714285714285716,3,32,18
74,25,14582.0,3.2,2.8181818181818183,3,84,40
75,25,60586.0,3.8666666666666667,2.1739130434782608,3,73,31
76,25,46088.0,1.8857142857142857,1.3488372093023255,3,101,34
77,25,13171.0,5.125,1.1304347826086956,3,49,19
78,25,3630.0,0.6,3.0,3,16,9
79,25,33606.0,1.3529411764705883,2.3333333333333335,3,40,9
80,25,8038.0,3.5714285714285716,5.4,3,32,154
0,26,0.0,0.0,0.0,10,0,0
1,26,0.0,0.0,0.0,10,0,0
2,26,0.0,0.0,0.0,10,0,0
3,26,130.0,1.0,2.0,0,2,0
4,26,0.0,0.0,0.0,10,0,0
5,26,6724.0,0.5909090909090909,1.6923076923076923,6,35,0
6,26,0.0,0.0,0.0,10,0,0
7,26,0.0,0.0,0.0,10,0,0
8,26,650.0,0.5,0.0,6,9,0
9,26,460.0,2.3333333333333335,0.25,3,10,0
10,26,450.0,1.0,2.0,4,2,0
11,26,200.0,2.0,0.0,3,2,0
12,26,0.0,0.0,0.0,10,0,0
13,26,400.0,1.0,2.0,0,2,0
14,26,500.0,0.0,1.0,3,1,0
15,26,300.0,0.6666666666666666,0.0,6,5,0
16,26,50.0,1.0,1.0,6,1,0
17,26,200.0,0.0,0.0,6,2,0
18,26,0.0,0.0,0.0,10,0,0
19,26,550.0,0.8,0.2857142857142857,6,9,0
20,26,1800.0,0.8,0.2857142857142857,0,9,0
21,26,300.0,1.0,0.0,3,2,0
22,26,750.0,1.0,0.0,6,10,0
23,26,420.0,0.4,0.4,3,7,1
24,26,114.0,0.6666666666666666,0.0,7,5,0
25,26,495.0,0.0,2.0,3,2,0
26,26,200.0,1.0,4.0,6,4,0
27,26,0.0,0.0,0.0,10,0,0
28,26,550.0,1.6666666666666667,0.0,6,8,0
29,26,450.0,1.0,0.14285714285714285,6,8,0
30,26,545.0,1.0,0.3333333333333333,3,4,0
31,26,80.0,6.0,6.0,3,7,0
32,26,105.0,0.0,0.0,3,2,0
33,26,5.0,1.0,1.0,3,1,0
34,26,726.0,1.0,2.0,0,6,0
35,26,2300.0,2.0,0.5,9,6,0
36,26,1390.0,0.7,0.7,6,17,0
37,26,6600.0,0.4,0.75,6,7,0
38,26,3740.0,3.6666666666666665,1.3333333333333333,3,14,0
39,26,1027.0,0.6666666666666666,1.5,3,10,0
40,26,303.0,0.3333333333333333,0.3333333333333333,3,4,0
41,26,50.0,1.0,1.0,3,1,0
42,26,665.0,0.75,0.16666666666666666,9,7,0
43,26,960.0,0.6,0.14285714285714285,6,16,0
44,26,130.0,5.0,5.0,3,5,0
45,26,810.0,4.0,4.0,6,10,0
46,26,1141.0,2.25,0.3,3,13,0
47,26,5.0,1.0,0.0,3,1,0
48,26,0.0,0.0,0.0,10,0,0
49,26,2620.0,2.0,0.7142857142857143,9,12,0
50,26,300.0,0.5,0.0,6,6,0
51,26,7255.0,1.5,1.5,3,5,0
52,26,2195.0,4.0,4.0,6,5,0
53,26,550.0,0.5,0.5,9,3,0
54,26,0.0,0.0,0.0,10,0,0
55,26,50.0,0.0,0.0,9,1,0
56,26,200.0,1.0,0.3333333333333333,9,4,0
57,26,1850.0,0.5833333333333334,0.11764705882352941,6,19,0
58,26,16970.0,1.0,0.7777777777777778,3,16,0
59,26,1030.0,12.0,11.0,6,12,0
60,26,117.0,0.3333333333333333,0.3333333333333333,3,4,2
61,26,430.0,6.0,1.0,9,6,0
62,26,50.0,2.0,2.0,8,2,0
63,26,2246.0,2.142857142857143,0.5714285714285714,3,22,0
64,26,1790.0,0.875,0.6666666666666666,6,15,0
65,26,740.0,0.4,0.16666666666666666,3,7,0
66,26,1565.0,1.6666666666666667,1.0,3,8,0
67,26,290.0,2.0,2.0,2,3,0
68,26,60.0,2.0,2.0,2,2,0
69,26,1260.0,1.5,0.6666666666666666,7,5,0
70,26,1360.0,1.1428571428571428,0.25,9,15,0
71,26,1180.0,1.0,0.23076923076923078,6,16,0
72,26,810.0,1.3333333333333333,0.75,3,7,2
73,26,4700.0,1.5555555555555556,1.5555555555555556,3,23,0
74,26,240.0,0.6666666666666666,1.5,3,5,1
75,26,2095.0,6.0,1.0,3,14,0
76,26,3371.0,1.2857142857142858,0.7777777777777778,3,16,1
77,26,945.0,2.25,0.18181818181818182,9,13,0
78,26,3350.0,0.5625,0.25,6,25,0
79,26,2035.0,0.6666666666666666,0.25,3,5,0
80,26,200.0,3.0,0.5,8,3,2
0,27,0.0,0.0,0.0,10,0,0
1,27,0.0,0.0,0.0,10,0,134
2,27,694.0,8.0,0.3333333333333333,3,8,39
3,27,2250.0,2.6666666666666665,4.5,3,11,3
4,27,7800.0,1.125,17.0,3,17,5
5,27,4028.0,3.25,1.4285714285714286,3,17,3
6,27,2490.0,1.5,0.5,3,15,18
7,27,520.0,0.5,0.5,3,3,3
8,27,366.0,0.16666666666666666,0.4,3,7,0
9,27,915.0,1.1,2.0,3,21,13
10,27,13507.0,3.0,31.0,3,32,0
11,27,2889.0,0.6666666666666666,0.25,3,10,4
12,27,1305.0,1.0,1.6666666666666667,3,8,5
13,27,6130.0,3.75,5.333333333333333,3,19,7
14,27,240.0,7.0,7.0,3,7,2
15,27,420.0,1.0,2.0,3,2,0
16,27,2595.0,0.5714285714285714,4.5,3,11,3
17,27,400.0,0.0,1.0,3,2,0
18,27,2610.0,7.0,1.0,3,8,1
19,27,420.0,1.3333333333333333,6.0,3,7,2
20,27,1200.0,0.0,1.0,3,1,0
21,27,0.0,0.0,0.0,10,0,0
22,27,0.0,0.0,0.0,10,0,0
23,27,1221.0,4.0,0.6666666666666666,3,5,1
24,27,6300.0,4.2,26.0,3,26,0
25,27,315.0,6.0,2.0,3,6,3
26,27,820.0,2.0,0.5,3,6,3
27,27,524.0,1.0,0.0,3,2,0
28,27,390.0,1.0,0.0,3,1,0
29,27,0.0,0.0,0.0,10,0,0
30,27,393.0,3.0,0.3333333333333333,3,4,3
31,27,600.0,1.0,1.0,3,1,0
32,27,5005.0,1.0,1.0,3,2,1
33,27,100.0,1.0,1.0,3,1,0
34,27,2230.0,0.0,4.0,3,4,0
35,27,2090.0,0.0,2.0,3,2,0
36,27,0.0,0.0,0.0,10,0,0
37,27,450.0,0.0,1.0,3,2,0
38,27,200.0,1.0,0.0,3,1,0
39,27,751.0,2.0,3.0,3,3,4
40,27,7500.0,5.0,0.6666666666666666,3,5,1
41,27,160.0,3.0,0.0,3,3,1
42,27,1.0,0.0,1.0,3,1,0
43,27,7200.0,2.0,0.5,3,3,0
44,27,15.0,3.0,3.0,3,3,5
45,27,670.0,1.0,0.0,3,1,0
46,27,1595.0,5.0,4.0,3,5,1
47,27,2680.0,1.0,2.0,6,6,1
48,27,2105.0,0.5,5.0,3,6,1
49,27,400.0,0.0,0.0,3,1,0
50,27,5000.0,0.0,1.0,3,1,0
51,27,1235.0,3.0,1.0,3,4,0
52,27,2310.0,2.3333333333333335,9.0,3,10,3
53,27,565.0,1.0,2.0,3,2,0
54,27,905.0,0.5,6.0,3,6,2
55,27,0.0,0.0,0.0,10,0,2
56,27,6346.0,3.0,1.2222222222222223,4,20,6
57,27,500.0,1.0,1.0,3,1,0
58,27,410.0,2.0,3.0,3,3,0
59,27,405.0,2.0,1.0,3,2,1
60,27,410.0,0.0,1.0,7,1,0
61,27,2060.0,0.3333333333333333,1.6666666666666667,3,8,0
62,27,1895.0,1.875,23.0,3,23,15
63,27,6332.0,4.5,21.0,3,22,79
64,27,690.0,1.0,14.0,3,14,0
65,27,940.0,1.0,3.0,3,4,0
66,27,4660.0,4.333333333333333,7.0,3,16,0
67,27,2415.0,1.4,5.0,3,12,1
68,27,3630.0,3.0,3.0,3,12,2
69,27,455.0,3.0,2.0,3,3,0
70,27,1531.0,2.5,7.0,3,7,2
71,27,569.0,0.0,1.0,3,2,0
72,27,2355.0,0.4,1.0,3,14,16
73,27,10630.0,1.8181818181818181,9.333333333333334,6,31,5
74,27,400.0,0.5,0.5,3,3,7
75,27,26510.0,4.0,4.0,3,5,1
76,27,4455.0,1.75,10.0,3,11,1
77,27,8029.0,3.8,3.8,3,24,0
78,27,13040.0,1.2727272727272727,24.0,3,25,0
79,27,4635.0,1.1764705882352942,3.111111111111111,3,37,27
80,27,5416.0,1.2,10.0,3,22,72
0,28,0.0,0.0,0.0,10,0,0
1,28,0.0,0.0,0.0,10,0,0
2,28,18996.5,1.169811320754717,0.5333333333333333,3,115,0
3,28,15960.0,0.7169811320754716,0.7169811320754716,3,91,0
4,28,2758.0,1.4666666666666666,0.85,3,37,0
5,28,4479.0,1.0,2.2,2,32,0
6,28,18946.0,1.0,1.72,3,68,0
7,28,17150.0,1.4444444444444444,1.75,3,22,0
8,28,5595.0,5.0,5.0,6,6,0
9,28,6130.0,2.4,1.125,3,17,0
10,28,1855.0,0.8888888888888888,1.4285714285714286,3,17,0
11,28,2635.0,0.5833333333333334,0.9,3,19,0
12,28,9623.0,0.4375,0.7692307692307693,7,23,0
13,28,6097.0,1.28,3.0714285714285716,3,57,0
14,28,5541.0,0.25,1.0,3,10,0
15,28,12105.0,0.5263157894736842,0.5263157894736842,3,29,0
16,28,4063.0,0.6,0.8461538461538461,3,48,0
17,28,4625.0,0.975609756097561,1.25,3,81,4
18,28,9334.0,0.8918918918918919,0.4,3,70,0
19,28,25079.0,1.7586206896551724,1.105263157894737,3,80,0
20,28,29675.5,1.813953488372093,2.1842105263157894,3,121,0
21,28,3711.0,1.25,0.5882352941176471,3,27,0
22,28,3679.0,0.75,0.75,3,21,0
23,28,27324.0,0.9655172413793104,1.6511627906976745,3,114,0
24,28,33005.0,0.927710843373494,0.927710843373494,3,160,0
25,28,41501.0,1.4057971014492754,0.8043478260869565,3,166,0
26,28,19521.0,1.1666666666666667,1.0526315789473684,3,78,0
27,28,56735.0,0.9565217391304348,0.9014084507042254,3,135,0
28,28,4063.0,0.7142857142857143,0.5,3,24,0
29,28,12973.0,1.3571428571428572,0.8857142857142857,3,66,0
30,28,15341.0,0.5666666666666667,0.88,3,94,0
31,28,24425.0,1.4,2.6923076923076925,3,96,0
32,28,29141.0,1.1333333333333333,0.9591836734693877,3,96,0
33,28,18268.0,1.5,0.3888888888888889,3,50,0
34,28,17985.0,1.7666666666666666,2.1923076923076925,3,83,0
35,28,21200.0,0.5909090909090909,0.75,3,35,0
36,28,2160.0,1.0,0.5,3,6,0
37,28,26360.0,1.2727272727272727,1.5,3,75,0
38,28,8295.0,1.6666666666666667,1.0740740740740742,3,56,0
39,28,12575.0,1.0,0.8,3,18,0
40,28,12885.0,1.05,1.2777777777777777,3,41,0
41,28,12962.0,1.375,1.375,3,76,0
42,28,4075.0,3.4285714285714284,1.3846153846153846,3,31,0
43,28,8722.0,2.1666666666666665,1.375,3,19,0
44,28,30825.0,1.7333333333333334,1.05,3,82,0
45,28,34608.0,1.1081081081081081,1.2941176470588236,3,78,0
46,28,11297.0,3.0,2.0,3,60,0
47,28,30590.0,1.7777777777777777,2.409090909090909,3,75,0
48,28,35762.0,2.0,1.4807692307692308,3,129,0
49,28,8020.0,1.3333333333333333,1.5,3,35,0
50,28,584.0,2.5,1.3333333333333333,3,7,0
51,28,27356.0,2.16,2.4347826086956523,3,79,0
52,28,16158.0,1.24,1.3333333333333333,3,56,0
53,28,8556.0,1.4444444444444444,1.3157894736842106,3,44,0
54,28,26267.2,1.85,1.9230769230769231,3,114,0
55,28,38175.0,1.0465116279069768,1.0,3,176,0
56,28,57378.0,1.2608695652173914,1.4761904761904763,3,104,0
57,28,6670.0,1.1666666666666667,1.1666666666666667,3,26,0
58,28,34972.0,1.2615384615384615,1.296875,3,147,0
59,28,36555.0,1.6388888888888888,2.064516129032258,3,95,0
60,28,25466.0,1.6346153846153846,1.4464285714285714,3,137,0
61,28,79323.0,1.5952380952380953,1.5952380952380953,3,109,0
62,28,36256.0,1.5384615384615385,0.7368421052631579,3,66,0
63,28,96731.0,1.765625,1.6818181818181819,3,177,0
64,28,29005.0,1.3076923076923077,1.1951219512195121,3,90,0
65,28,72000.0,1.8205128205128205,1.588235294117647,3,220,1
66,28,73549.0,1.5402298850574712,1.2551020408163265,3,221,0
67,28,198047.0,1.3988439306358382,1.3579545454545454,3,415,1
68,28,141646.0,1.4318181818181819,1.4318181818181819,3,321,0
69,28,121409.0,1.5748031496062993,1.3357142857142856,3,327,0
70,28,47531.0,2.1025641025641026,1.813953488372093,3,121,0
71,28,33736.0,1.794871794871795,1.5952380952380953,3,109,0
72,28,157514.0,1.2952380952380953,1.7078651685393258,3,241,0
73,28,222936.0,1.5,1.5,3,385,0
74,28,261390.0,1.490566037735849,1.6756756756756757,3,396,2
75,28,200381.0,1.2131147540983607,1.1542553191489362,3,405,0
76,28,211020.0,1.4122137404580153,1.3759398496240602,3,316,0
77,28,221239.0,1.1407407407407408,1.0069444444444444,3,289,0
78,28,52422.0,1.4197530864197532,1.5128205128205128,3,196,0
79,28,79417.0,1.6329113924050633,1.6329113924050633,3,208,0
80,28,232533.0,1.080536912751678,1.2463768115942029,3,310,1
0,29,0.0,0.0,0.0,10,0,0
1,29,0.0,0.0,0.0,10,0,0
2,29,0.0,0.0,0.0,10,0,0
3,29,0.0,0.0,0.0,10,0,0
4,29,0.0,0.0,0.0,10,0,0
5,29,0.0,0.0,0.0,10,0,0
6,29,0.0,0.0,0.0,10,0,0
7,29,0.0,0.0,0.0,10,0,0
8,29,0.0,0.0,0.0,10,0,0
9,29,0.0,0.0,0.0,10,0,0
10,29,0.0,0.0,0.0,10,0,0
11,29,0.0,0.0,0.0,10,0,0
12,29,0.0,0.0,0.0,10,0,0
13,29,0.0,0.0,0.0,10,0,0
14,29,0.0,0.0,0.0,10,0,0
15,29,0.0,0.0,0.0,10,0,0
16,29,0.0,0.0,0.0,10,0,0
17,29,0.0,0.0,0.0,10,0,0
18,29,0.0,0.0,0.0,10,0,0
19,29,0.0,0.0,0.0,10,0,0
20,29,0.0,0.0,0.0,10,0,0
21,29,0.0,0.0,0.0,10,0,0
22,29,0.0,0.0,0.0,10,0,0
23,29,0.0,0.0,0.0,10,0,0
24,29,0.0,0.0,0.0,10,0,0
25,29,0.0,0.0,0.0,10,0,0
26,29,0.0,0.0,0.0,10,0,0
27,29,0.0,0.0,0.0,10,0,0
28,29,0.0,0.0,0.0,10,0,0
29,29,0.0,0.0,0.0,10,0,0
30,29,0.0,0.0,0.0,10,0,0
31,29,0.0,0.0,0.0,10,0,0
32,29,0.0,0.0,0.0,10,0,0
33,29,0.0,0.0,0.0,10,0,0
34,29,0.0,0.0,0.0,10,0,0
35,29,0.0,0.0,0.0,10,0,0
36,29,0.0,0.0,0.0,10,0,0
37,29,0.0,0.0,0.0,10,0,0
38,29,0.0,0.0,0.0,10,0,0
39,29,0.0,0.0,0.0,10,0,0
40,29,0.0,0.0,0.0,10,0,0
41,29,0.0,0.0,0.0,10,0,0
42,29,0.0,0.0,0.0,10,0,0
43,29,0.0,0.0,0.0,10,0,0
44,29,0.0,0.0,0.0,10,0,0
45,29,0.0,0.0,0.0,10,0,0
46,29,0.0,0.0,0.0,10,0,0
47,29,0.0,0.0,0.0,10,0,0
48,29,0.0,0.0,0.0,10,0,0
49,29,0.0,0.0,0.0,10,0,0
50,29,0.0,0.0,0.0,10,0,0
51,29,0.0,0.0,0.0,10,0,0
52,29,0.0,0.0,0.0,10,0,0
53,29,0.0,0.0,0.0,10,0,0
54,29,0.0,0.0,0.0,10,0,0
55,29,0.0,0.0,0.0,10,0,0
56,29,0.0,0.0,0.0,10,0,0
57,29,0.0,0.0,0.0,10,0,0
58,29,0.0,0.0,0.0,10,0,0
59,29,0.0,0.0,0.0,10,0,0
60,29,0.0,0.0,0.0,10,0,0
61,29,0.0,0.0,0.0,10,0,0
62,29,0.0,0.0,0.0,10,0,0
63,29,0.0,0.0,0.0,10,0,0
64,29,0.0,0.0,0.0,10,0,0
65,29,0.0,0.0,0.0,10,0,0
66,29,0.0,0.0,0.0,10,0,0
67,29,0.0,0.0,0.0,10,0,0
68,29,0.0,0.0,0.0,10,0,0
69,29,0.0,0.0,0.0,10,0,0
70,29,0.0,0.0,0.0,10,0,0
71,29,0.0,0.0,0.0,10,0,0
72,29,0.0,0.0,0.0,10,0,0
73,29,0.0,0.0,0.0,10,0,0
74,29,0.0,0.0,0.0,10,0,1
75,29,0.0,0.0,0.0,10,0,0
76,29,400.0,0.0,1.0,3,1,0
77,29,0.0,0.0,0.0,10,0,0
78,29,0.0,0.0,0.0,10,0,0
79,29,0.0,0.0,0.0,10,0,0
80,29,0.0,0.0,0.0,10,0,1
0,30,0.0,0.0,0.0,10,0,0
1,30,0.0,0.0,0.0,10,0,0
2,30,0.0,0.0,0.0,10,0,0
3,30,0.0,0.0,0.0,10,0,0
4,30,0.0,0.0,0.0,10,0,0
5,30,0.0,0.0,0.0,10,0,0
6,30,0.0,0.0,0.0,10,0,0
7,30,0.0,0.0,0.0,10,0,0
8,30,0.0,0.0,0.0,10,0,0
9,30,0.0,0.0,0.0,10,0,0
10,30,0.0,0.0,0.0,10,0,0
11,30,0.0,0.0,0.0,10,0,0
12,30,0.0,0.0,0.0,10,0,0
13,30,0.0,0.0,0.0,10,0,0
14,30,0.0,0.0,0.0,10,0,0
15,30,0.0,0.0,0.0,10,0,0
16,30,0.0,0.0,0.0,10,0,0
17,30,0.0,0.0,0.0,10,0,0
18,30,0.0,0.0,0.0,10,0,0
19,30,0.0,0.0,0.0,10,0,0
20,30,0.0,0.0,0.0,10,0,0
21,30,0.0,0.0,0.0,10,0,0
22,30,0.0,0.0,0.0,10,0,0
23,30,0.0,0.0,0.0,10,0,0
24,30,0.0,0.0,0.0,10,0,0
25,30,0.0,0.0,0.0,10,0,0
26,30,0.0,0.0,0.0,10,0,0
27,30,0.0,0.0,0.0,10,0,0
28,30,0.0,0.0,0.0,10,0,0
29,30,0.0,0.0,0.0,10,0,0
30,30,0.0,0.0,0.0,10,0,0
31,30,5.0,0.0,1.0,3,1,1
32,30,0.0,0.0,0.0,10,0,0
33,30,0.0,0.0,0.0,10,0,0
34,30,0.0,0.0,0.0,10,0,0
35,30,0.0,0.0,0.0,10,0,0
36,30,0.0,0.0,0.0,10,0,0
37,30,0.0,0.0,0.0,10,0,0
38,30,100.0,0.0,1.0,6,1,0
39,30,0.0,0.0,0.0,10,0,0
40,30,0.0,0.0,0.0,10,0,0
41,30,0.0,0.0,0.0,10,0,0
42,30,0.0,0.0,0.0,10,0,0
43,30,0.0,0.0,0.0,10,0,0
44,30,0.0,0.0,0.0,10,0,0
45,30,100.0,0.0,1.0,6,1,0
46,30,0.0,0.0,0.0,10,0,0
47,30,0.0,0.0,0.0,10,0,0
48,30,0.0,0.0,0.0,10,0,0
49,30,0.0,0.0,0.0,10,0,0
50,30,0.0,0.0,0.0,10,0,0
51,30,0.0,0.0,0.0,10,0,0
52,30,100.0,0.0,1.0,6,1,0
53,30,0.0,0.0,0.0,10,0,0
54,30,0.0,0.0,0.0,10,0,0
55,30,0.0,0.0,0.0,10,0,0
56,30,0.0,0.0,0.0,10,0,0
57,30,0.0,0.0,0.0,10,0,0
58,30,0.0,0.0,0.0,10,0,0
59,30,150.0,0.0,2.0,3,2,0
60,30,0.0,0.0,0.0,10,0,0
61,30,0.0,0.0,0.0,10,0,0
62,30,0.0,0.0,0.0,10,0,0
63,30,0.0,0.0,0.0,10,0,0
64,30,0.0,0.0,0.0,10,0,0
65,30,0.0,0.0,0.0,10,0,0
66,30,350.0,0.0,2.0,3,2,0
67,30,0.0,0.0,0.0,10,0,1
68,30,0.0,0.0,0.0,10,0,0
69,30,0.0,0.0,0.0,10,0,0
70,30,0.0,0.0,0.0,10,0,0
71,30,0.0,0.0,0.0,10,0,0
72,30,0.0,0.0,0.0,10,0,0
73,30,0.0,0.0,0.0,10,0,0
74,30,0.0,0.0,0.0,10,0,0
75,30,560.0,0.0,3.0,6,3,0
76,30,0.0,0.0,0.0,10,0,0
77,30,0.0,0.0,0.0,10,0,0
78,30,0.0,0.0,0.0,10,0,0
79,30,0.0,0.0,0.0,10,0,0
80,30,100.0,0.0,1.0,6,1,1
0,31,0.0,0.0,0.0,10,0,0
1,31,0.0,0.0,0.0,10,0,0
2,31,0.0,0.0,0.0,10,0,0
3,31,0.0,0.0,0.0,10,0,0
4,31,0.0,0.0,0.0,10,0,0
5,31,0.0,0.0,0.0,10,0,0
6,31,0.0,0.0,0.0,10,0,0
7,31,0.0,0.0,0.0,10,0,0
8,31,0.0,0.0,0.0,10,0,0
9,31,0.0,0.0,0.0,10,0,0
10,31,0.0,0.0,0.0,10,0,0
11,31,0.0,0.0,0.0,10,0,0
12,31,0.0,0.0,0.0,10,0,0
13,31,0.0,0.0,0.0,10,0,0
14,31,0.0,0.0,0.0,10,0,0
15,31,0.0,0.0,0.0,10,0,0
16,31,0.0,0.0,0.0,10,0,0
17,31,0.0,0.0,0.0,10,0,0
18,31,0.0,0.0,0.0,10,0,0
19,31,0.0,0.0,0.0,10,0,0
20,31,0.0,0.0,0.0,10,0,0
21,31,0.0,0.0,0.0,10,0,0
22,31,0.0,0.0,0.0,10,0,0
23,31,0.0,0.0,0.0,10,0,0
24,31,0.0,0.0,0.0,10,0,0
25,31,0.0,0.0,0.0,10,0,0
26,31,0.0,0.0,0.0,10,0,0
27,31,0.0,0.0,0.0,10,0,0
28,31,0.0,0.0,0.0,10,0,0
29,31,0.0,0.0,0.0,10,0,0
30,31,0.0,0.0,0.0,10,0,0
31,31,0.0,0.0,0.0,10,0,0
32,31,0.0,0.0,0.0,10,0,0
33,31,0.0,0.0,0.0,10,0,0
34,31,0.0,0.0,0.0,10,0,0
35,31,0.0,0.0,0.0,10,0,0
36,31,0.0,0.0,0.0,10,0,0
37,31,0.0,0.0,0.0,10,0,0
38,31,0.0,0.0,0.0,10,0,0
39,31,0.0,0.0,0.0,10,0,0
40,31,0.0,0.0,0.0,10,0,0
41,31,0.0,0.0,0.0,10,0,0
42,31,0.0,0.0,0.0,10,0,0
43,31,0.0,0.0,0.0,10,0,0
44,31,0.0,0.0,0.0,10,0,0
45,31,0.0,0.0,0.0,10,0,0
46,31,0.0,0.0,0.0,10,0,0
47,31,0.0,0.0,0.0,10,0,0
48,31,0.0,0.0,0.0,10,0,0
49,31,0.0,0.0,0.0,10,0,0
50,31,0.0,0.0,0.0,10,0,0
51,31,0.0,0.0,0.0,10,0,0
52,31,0.0,0.0,0.0,10,0,0
53,31,0.0,0.0,0.0,10,0,0
54,31,0.0,0.0,0.0,10,0,0
55,31,0.0,0.0,0.0,10,0,0
56,31,0.0,0.0,0.0,10,0,0
57,31,0.0,0.0,0.0,10,0,0
58,31,0.0,0.0,0.0,10,0,0
59,31,0.0,0.0,0.0,10,0,0
60,31,0.0,0.0,0.0,10,0,0
61,31,0.0,0.0,0.0,10,0,0
62,31,0.0,0.0,0.0,10,0,1
63,31,0.0,0.0,0.0,10,0,0
64,31,0.0,0.0,0.0,10,0,0
65,31,0.0,0.0,0.0,10,0,0
66,31,0.0,0.0,0.0,10,0,1
67,31,0.0,0.0,0.0,10,0,0
68,31,0.0,0.0,0.0,10,0,0
69,31,0.0,0.0,0.0,10,0,0
70,31,50.0,0.0,1.0,3,1,0
71,31,0.0,0.0,0.0,10,0,0
72,31,0.0,0.0,0.0,10,0,1
73,31,0.0,0.0,0.0,10,0,0
74,31,60.0,0.0,1.0,3,1,0
75,31,350.0,0.0,1.0,3,1,0
76,31,50.0,0.0,1.0,3,1,0
77,31,0.0,0.0,0.0,10,0,0
78,31,0.0,0.0,0.0,10,0,0
79,31,60.0,0.0,1.0,3,1,0
80,31,0.0,0.0,0.0,10,0,1
0,32,0.0,0.0,0.0,10,0,0
1,32,0.0,0.0,0.0,10,0,0
2,32,0.0,0.0,0.0,10,0,0
3,32,0.0,0.0,0.0,10,0,0
4,32,0.0,0.0,0.0,10,0,0
5,32,0.0,0.0,0.0,10,0,0
6,32,0.0,0.0,0.0,10,0,0
7,32,0.0,0.0,0.0,10,0,0
8,32,0.0,0.0,0.0,10,0,0
9,32,0.0,0.0,0.0,10,0,0
10,32,0.0,0.0,0.0,10,0,0
11,32,0.0,0.0,0.0,10,0,0
12,32,0.0,0.0,0.0,10,0,0
13,32,0.0,0.0,0.0,10,0,0
14,32,0.0,0.0,0.0,10,0,0
15,32,0.0,0.0,0.0,10,0,0
16,32,0.0,0.0,0.0,10,0,0
17,32,0.0,0.0,0.0,10,0,0
18,32,0.0,0.0,0.0,10,0,0
19,32,0.0,0.0,0.0,10,0,0
20,32,0.0,0.0,0.0,10,0,0
21,32,0.0,0.0,0.0,10,0,0
22,32,0.0,0.0,0.0,10,0,0
23,32,0.0,0.0,0.0,10,0,0
24,32,0.0,0.0,0.0,10,0,0
25,32,0.0,0.0,0.0,10,0,0
26,32,0.0,0.0,0.0,10,0,0
27,32,0.0,0.0,0.0,10,0,0
28,32,0.0,0.0,0.0,10,0,0
29,32,0.0,0.0,0.0,10,0,0
30,32,0.0,0.0,0.0,10,0,0
31,32,0.0,0.0,0.0,10,0,0
32,32,0.0,0.0,0.0,10,0,0
33,32,0.0,0.0,0.0,10,0,0
34,32,0.0,0.0,0.0,10,0,0
35,32,0.0,0.0,0.0,10,0,0
36,32,0.0,0.0,0.0,10,0,0
37,32,0.0,0.0,0.0,10,0,0
38,32,0.0,0.0,0.0,10,0,0
39,32,0.0,0.0,0.0,10,0,0
40,32,0.0,0.0,0.0,10,0,0
41,32,0.0,0.0,0.0,10,0,0
42,32,0.0,0.0,0.0,10,0,0
43,32,0.0,0.0,0.0,10,0,0
44,32,0.0,0.0,0.0,10,0,0
45,32,0.0,0.0,0.0,10,0,0
46,32,0.0,0.0,0.0,10,0,0
47,32,0.0,0.0,0.0,10,0,0
48,32,0.0,0.0,0.0,10,0,0
49,32,0.0,0.0,0.0,10,0,0
50,32,0.0,0.0,0.0,10,0,0
51,32,0.0,0.0,0.0,10,0,0
52,32,0.0,0.0,0.0,10,0,0
53,32,0.0,0.0,0.0,10,0,0
54,32,0.0,0.0,0.0,10,0,0
55,32,0.0,0.0,0.0,10,0,0
56,32,0.0,0.0,0.0,10,0,0
57,32,0.0,0.0,0.0,10,0,0
58,32,0.0,0.0,0.0,10,0,0
59,32,0.0,0.0,0.0,10,0,0
60,32,0.0,0.0,0.0,10,0,0
61,32,0.0,0.0,0.0,10,0,0
62,32,0.0,0.0,0.0,10,0,0
63,32,0.0,0.0,0.0,10,0,0
64,32,0.0,0.0,0.0,10,0,0
65,32,140.0,1.0,1.0,3,4,0
66,32,110.0,4.0,0.6666666666666666,3,5,0
67,32,60.0,3.0,3.0,3,3,0
68,32,60.0,3.0,0.0,3,3,0
69,32,0.0,0.0,0.0,10,0,0
70,32,30.0,1.0,1.0,3,1,0
71,32,0.0,0.0,0.0,10,0,0
72,32,0.0,0.0,0.0,10,0,0
73,32,120.0,2.0,0.5,3,3,0
74,32,15.0,0.0,1.0,3,1,0
75,32,0.0,0.0,0.0,10,0,0
76,32,0.0,0.0,0.0,10,0,0
77,32,0.0,0.0,0.0,10,0,0
78,32,0.0,0.0,0.0,10,0,0
79,32,0.0,0.0,0.0,10,0,0
80,32,110.0,0.5,3.0,7,3,0
0,33,0.0,0.0,0.0,10,0,0
1,33,0.0,0.0,0.0,10,0,236
2,33,0.0,0.0,0.0,10,0,7
3,33,50.0,1.0,1.0,3,1,0
4,33,0.0,0.0,0.0,10,0,0
5,33,70.0,1.0,0.0,6,1,0
6,33,300.0,4.0,5.0,3,5,0
7,33,0.0,0.0,0.0,10,0,0
8,33,0.0,0.0,0.0,10,0,0
9,33,0.0,0.0,0.0,10,0,0
10,33,550.0,0.0,0.0,3,1,0
11,33,0.0,0.0,0.0,10,0,0
12,33,0.0,0.0,0.0,10,0,0
13,33,550.0,2.5,6.0,3,7,0
14,33,0.0,0.0,0.0,10,0,0
15,33,0.0,0.0,0.0,10,0,0
16,33,0.0,0.0,0.0,10,0,0
17,33,124.0,0.0,0.0,2,3,0
18,33,0.0,0.0,0.0,10,0,0
19,33,0.0,0.0,0.0,10,0,0
20,33,400.0,2.5,7.0,3,7,0
21,33,0.0,0.0,0.0,10,0,0
22,33,0.0,0.0,0.0,10,0,0
23,33,0.0,0.0,0.0,10,0,0
24,33,0.0,0.0,0.0,10,0,0
25,33,0.0,0.0,0.0,10,0,0
26,33,0.0,0.0,0.0,10,0,0
27,33,1650.0,1.25,2.0,6,9,5
28,33,850.0,0.5,2.0,1,3,0
29,33,200.0,1.0,1.0,9,1,0
30,33,2055.0,2.3333333333333335,10.0,6,10,0
31,33,409.0,0.5,0.5,9,3,3
32,33,18026.0,0.2677165354330709,4.962962962962963,3,161,6
33,33,0.0,0.0,0.0,10,0,0
34,33,1510.0,9.0,9.0,6,9,0
35,33,0.0,0.0,0.0,10,0,0
36,33,490.0,0.5,3.0,3,3,0
37,33,0.0,0.0,0.0,10,0,0
38,33,0.0,0.0,0.0,10,0,0
39,33,0.0,0.0,0.0,10,0,0
40,33,0.0,0.0,0.0,10,0,0
41,33,1045.0,8.0,9.0,6,9,0
42,33,0.0,0.0,0.0,10,0,0
43,33,260.0,0.0,1.0,6,1,0
44,33,0.0,0.0,0.0,10,0,0
45,33,0.0,0.0,0.0,10,0,9
46,33,0.0,0.0,0.0,10,0,0
47,33,174.0,1.4,2.0,3,12,8
48,33,110.0,3.0,3.0,6,3,1
49,33,35.0,2.0,2.0,3,2,0
50,33,0.0,0.0,0.0,10,0,0
51,33,0.0,0.0,0.0,10,0,0
52,33,0.0,0.0,0.0,10,0,0
53,33,0.0,0.0,0.0,10,0,1
54,33,0.0,0.0,0.0,10,0,0
55,33,900.0,7.0,8.0,6,8,0
56,33,0.0,0.0,0.0,10,0,0
57,33,0.0,0.0,0.0,10,0,0
58,33,0.0,0.0,0.0,10,0,0
59,33,0.0,0.0,0.0,10,0,0
60,33,0.0,0.0,0.0,10,0,1
61,33,0.0,0.0,0.0,10,0,0
62,33,750.0,4.0,4.0,6,4,0
63,33,600.0,3.0,3.0,3,3,15
64,33,2290.0,0.0,0.0,9,2,0
65,33,0.0,0.0,0.0,10,0,2
66,33,350.0,6.0,6.0,2,6,0
67,33,90.0,0.5,1.0,2,6,0
68,33,60.0,1.0,1.0,8,1,0
69,33,910.0,8.0,9.0,6,9,0
70,33,100.0,2.0,2.0,2,2,0
71,33,1050.0,3.0,2.0,3,3,0
72,33,10.0,1.0,1.0,3,1,1
73,33,0.0,0.0,0.0,10,0,0
74,33,0.0,0.0,0.0,10,0,0
75,33,0.0,0.0,0.0,10,0,1
76,33,410.0,6.0,6.0,6,7,1
77,33,0.0,0.0,0.0,10,0,0
78,33,370.0,0.5,0.5,3,6,4
79,33,0.0,0.0,0.0,10,0,2
80,33,100.0,1.0,1.0,3,2,7
0,34,0.0,0.0,0.0,10,0,0
1,34,0.0,0.0,0.0,10,0,0
2,34,0.0,0.0,0.0,10,0,0
3,34,0.0,0.0,0.0,10,0,0
4,34,0.0,0.0,0.0,10,0,0
5,34,0.0,0.0,0.0,10,0,0
6,34,0.0,0.0,0.0,10,0,0
7,34,0.0,0.0,0.0,10,0,0
8,34,0.0,0.0,0.0,10,0,0
9,34,0.0,0.0,0.0,10,0,0
10,34,0.0,0.0,0.0,10,0,0
11,34,0.0,0.0,0.0,10,0,0
12,34,0.0,0.0,0.0,10,0,0
13,34,0.0,0.0,0.0,10,0,0
14,34,0.0,0.0,0.0,10,0,0
15,34,0.0,0.0,0.0,10,0,0
16,34,0.0,0.0,0.0,10,0,0
17,34,0.0,0.0,0.0,10,0,0
18,34,0.0,0.0,0.0,10,0,0
19,34,0.0,0.0,0.0,10,0,0
20,34,0.0,0.0,0.0,10,0,0
21,34,0.0,0.0,0.0,10,0,0
22,34,0.0,0.0,0.0,10,0,0
23,34,0.0,0.0,0.0,10,0,0
24,34,0.0,0.0,0.0,10,0,0
25,34,0.0,0.0,0.0,10,0,0
26,34,0.0,0.0,0.0,10,0,0
27,34,0.0,0.0,0.0,10,0,0
28,34,0.0,0.0,0.0,10,0,0
29,34,0.0,0.0,0.0,10,0,0
30,34,0.0,0.0,0.0,10,0,0
31,34,0.0,0.0,0.0,10,0,0
32,34,0.0,0.0,0.0,10,0,0
33,34,0.0,0.0,0.0,10,0,0
34,34,0.0,0.0,0.0,10,0,0
35,34,0.0,0.0,0.0,10,0,0
36,34,0.0,0.0,0.0,10,0,0
37,34,0.0,0.0,0.0,10,0,0
38,34,0.0,0.0,0.0,10,0,0
39,34,0.0,0.0,0.0,10,0,0
40,34,0.0,0.0,0.0,10,0,0
41,34,0.0,0.0,0.0,10,0,0
42,34,0.0,0.0,0.0,10,0,0
43,34,0.0,0.0,0.0,10,0,0
44,34,0.0,0.0,0.0,10,0,0
45,34,0.0,0.0,0.0,10,0,0
46,34,0.0,0.0,0.0,10,0,0
47,34,0.0,0.0,0.0,10,0,0
48,34,0.0,0.0,0.0,10,0,0
49,34,0.0,0.0,0.0,10,0,0
50,34,0.0,0.0,0.0,10,0,0
51,34,0.0,0.0,0.0,10,0,0
52,34,0.0,0.0,0.0,10,0,0
53,34,0.0,0.0,0.0,10,0,0
54,34,0.0,0.0,0.0,10,0,0
55,34,0.0,0.0,0.0,10,0,0
56,34,0.0,0.0,0.0,10,0,0
57,34,0.0,0.0,0.0,10,0,0
58,34,0.0,0.0,0.0,10,0,0
59,34,0.0,0.0,0.0,10,0,0
60,34,0.0,0.0,0.0,10,0,0
61,34,0.0,0.0,0.0,10,0,0
62,34,0.0,0.0,0.0,10,0,0
63,34,0.0,0.0,0.0,10,0,0
64,34,0.0,0.0,0.0,10,0,0
65,34,0.0,0.0,0.0,10,0,0
66,34,0.0,0.0,0.0,10,0,0
67,34,0.0,0.0,0.0,10,0,0
68,34,400.0,0.0,0.0,5,1,0
69,34,300.0,0.0,0.0,3,1,0
70,34,0.0,0.0,0.0,10,0,0
71,34,0.0,0.0,0.0,10,0,0
72,34,0.0,0.0,0.0,10,0,0
73,34,0.0,0.0,0.0,10,0,0
74,34,0.0,0.0,0.0,10,0,0
75,34,0.0,0.0,0.0,10,0,0
76,34,0.0,0.0,0.0,10,0,0
77,34,0.0,0.0,0.0,10,0,0
78,34,0.0,0.0,0.0,10,0,0
79,34,0.0,0.0,0.0,10,0,0
80,34,100.0,0.0,1.0,4,1,0
0,35,0.0,0.0,0.0,10,0,0
1,35,0.0,0.0,0.0,10,0,0
2,35,0.0,0.0,0.0,10,0,0
3,35,0.0,0.0,0.0,10,0,0
4,35,0.0,0.0,0.0,10,0,0
5,35,0.0,0.0,0.0,10,0,0
6,35,0.0,0.0,0.0,10,0,0
7,35,0.0,0.0,0.0,10,0,0
8,35,0.0,0.0,0.0,10,0,0
9,35,0.0,0.0,0.0,10,0,0
10,35,0.0,0.0,0.0,10,0,0
11,35,0.0,0.0,0.0,10,0,0
12,35,0.0,0.0,0.0,10,0,0
13,35,0.0,0.0,0.0,10,0,0
14,35,0.0,0.0,0.0,10,0,0
15,35,0.0,0.0,0.0,10,0,0
16,35,0.0,0.0,0.0,10,0,0
17,35,0.0,0.0,0.0,10,0,0
18,35,0.0,0.0,0.0,10,0,0
19,35,0.0,0.0,0.0,10,0,0
20,35,0.0,0.0,0.0,10,0,0
21,35,0.0,0.0,0.0,10,0,0
22,35,0.0,0.0,0.0,10,0,0
23,35,0.0,0.0,0.0,10,0,0
24,35,0.0,0.0,0.0,10,0,0
25,35,0.0,0.0,0.0,10,0,0
26,35,0.0,0.0,0.0,10,0,0
27,35,0.0,0.0,0.0,10,0,0
28,35,0.0,0.0,0.0,10,0,0
29,35,0.0,0.0,0.0,10,0,0
30,35,0.0,0.0,0.0,10,0,0
31,35,0.0,0.0,0.0,10,0,0
32,35,0.0,0.0,0.0,10,0,0
33,35,0.0,0.0,0.0,10,0,0
34,35,0.0,0.0,0.0,10,0,0
35,35,0.0,0.0,0.0,10,0,0
36,35,0.0,0.0,0.0,10,0,0
37,35,0.0,0.0,0.0,10,0,0
38,35,0.0,0.0,0.0,10,0,0
39,35,0.0,0.0,0.0,10,0,0
40,35,0.0,0.0,0.0,10,0,0
41,35,0.0,0.0,0.0,10,0,0
42,35,0.0,0.0,0.0,10,0,0
43,35,0.0,0.0,0.0,10,0,0
44,35,0.0,0.0,0.0,10,0,0
45,35,0.0,0.0,0.0,10,0,0
46,35,0.0,0.0,0.0,10,0,0
47,35,0.0,0.0,0.0,10,0,0
48,35,0.0,0.0,0.0,10,0,0
49,35,0.0,0.0,0.0,10,0,0
50,35,0.0,0.0,0.0,10,0,0
51,35,0.0,0.0,0.0,10,0,0
52,35,0.0,0.0,0.0,10,0,0
53,35,0.0,0.0,0.0,10,0,0
54,35,0.0,0.0,0.0,10,0,0
55,35,0.0,0.0,0.0,10,0,0
56,35,0.0,0.0,0.0,10,0,0
57,35,0.0,0.0,0.0,10,0,0
58,35,0.0,0.0,0.0,10,0,0
59,35,0.0,0.0,0.0,10,0,0
60,35,0.0,0.0,0.0,10,0,0
61,35,0.0,0.0,0.0,10,0,0
62,35,0.0,0.0,0.0,10,0,0
63,35,0.0,0.0,0.0,10,0,0
64,35,0.0,0.0,0.0,10,0,0
65,35,0.0,0.0,0.0,10,0,0
66,35,0.0,0.0,0.0,10,0,0
67,35,0.0,0.0,0.0,10,0,0
68,35,0.0,0.0,0.0,10,0,0
69,35,0.0,0.0,0.0,10,0,0
70,35,0.0,0.0,0.0,10,0,0
71,35,0.0,0.0,0.0,10,0,0
72,35,0.0,0.0,0.0,10,0,0
73,35,0.0,0.0,0.0,10,0,0
74,35,0.0,0.0,0.0,10,0,0
75,35,5.0,1.0,1.0,3,1,1
76,35,395.0,1.0,1.0,3,1,0
77,35,0.0,0.0,0.0,10,0,0
78,35,0.0,0.0,0.0,10,0,0
79,35,0.0,0.0,0.0,10,0,0
80,35,0.0,0.0,0.0,10,0,1
0,36,0.0,0.0,0.0,10,0,0
1,36,0.0,0.0,0.0,10,0,0
2,36,0.0,0.0,0.0,10,0,0
3,36,0.0,0.0,0.0,10,0,0
4,36,0.0,0.0,0.0,10,0,0
5,36,0.0,0.0,0.0,10,0,0
6,36,0.0,0.0,0.0,10,0,0
7,36,0.0,0.0,0.0,10,0,0
8,36,0.0,0.0,0.0,10,0,0
9,36,100.0,0.0,1.0,6,1,1
10,36,0.0,0.0,0.0,10,0,0
11,36,0.0,0.0,0.0,10,0,0
12,36,0.0,0.0,0.0,10,0,0
13,36,0.0,0.0,0.0,10,0,0
14,36,0.0,0.0,0.0,10,0,0
15,36,0.0,0.0,0.0,10,0,0
16,36,0.0,0.0,0.0,10,0,0
17,36,0.0,0.0,0.0,10,0,0
18,36,0.0,0.0,0.0,10,0,0
19,36,0.0,0.0,0.0,10,0,0
20,36,0.0,0.0,0.0,10,0,0
21,36,0.0,0.0,0.0,10,0,0
22,36,0.0,0.0,0.0,10,0,0
23,36,50.0,0.0,1.0,6,1,0
24,36,0.0,0.0,0.0,10,0,0
25,36,0.0,0.0,0.0,10,0,0
26,36,0.0,0.0,0.0,10,0,0
27,36,0.0,0.0,0.0,10,0,0
28,36,0.0,0.0,0.0,10,0,0
29,36,0.0,0.0,0.0,10,0,0
30,36,50.0,0.0,1.0,6,1,0
31,36,0.0,0.0,0.0,10,0,0
32,36,80.0,0.0,1.0,3,1,0
33,36,0.0,0.0,0.0,10,0,0
34,36,0.0,0.0,0.0,10,0,0
35,36,0.0,0.0,0.0,10,0,0
36,36,0.0,0.0,0.0,10,0,0
37,36,0.0,0.0,0.0,10,0,0
38,36,0.0,0.0,0.0,10,0,0
39,36,0.0,0.0,0.0,10,0,0
40,36,0.0,0.0,0.0,10,0,0
41,36,0.0,0.0,0.0,10,0,0
42,36,0.0,0.0,0.0,10,0,0
43,36,0.0,0.0,0.0,10,0,0
44,36,0.0,0.0,0.0,10,0,0
45,36,0.0,0.0,0.0,10,0,0
46,36,0.0,0.0,0.0,10,0,0
47,36,0.0,0.0,0.0,10,0,0
48,36,0.0,0.0,0.0,10,0,0
49,36,0.0,0.0,0.0,10,0,0
50,36,0.0,0.0,0.0,10,0,0
51,36,0.0,0.0,0.0,10,0,0
52,36,0.0,0.0,0.0,10,0,0
53,36,0.0,0.0,0.0,10,0,0
54,36,0.0,0.0,0.0,10,0,0
55,36,0.0,0.0,0.0,10,0,0
56,36,0.0,0.0,0.0,10,0,0
57,36,0.0,0.0,0.0,10,0,0
58,36,0.0,0.0,0.0,10,0,0
59,36,0.0,0.0,0.0,10,0,0
60,36,0.0,0.0,0.0,10,0,0
61,36,0.0,0.0,0.0,10,0,0
62,36,0.0,0.0,0.0,10,0,0
63,36,0.0,0.0,0.0,10,0,0
64,36,0.0,0.0,0.0,10,0,0
65,36,0.0,0.0,0.0,10,0,0
66,36,0.0,0.0,0.0,10,0,0
67,36,0.0,0.0,0.0,10,0,0
68,36,0.0,0.0,0.0,10,0,0
69,36,0.0,0.0,0.0,10,0,0
70,36,0.0,0.0,0.0,10,0,0
71,36,0.0,0.0,0.0,10,0,0
72,36,0.0,0.0,0.0,10,0,0
73,36,0.0,0.0,0.0,10,0,0
74,36,0.0,0.0,0.0,10,0,0
75,36,0.0,0.0,0.0,10,0,0
76,36,0.0,0.0,0.0,10,0,0
77,36,0.0,0.0,0.0,10,0,0
78,36,0.0,0.0,0.0,10,0,0
79,36,0.0,0.0,0.0,10,0,0
80,36,0.0,0.0,0.0,10,0,0
0,37,0.0,0.0,0.0,10,0,0
1,37,0.0,0.0,0.0,10,0,0
2,37,0.0,0.0,0.0,10,0,0
3,37,0.0,0.0,0.0,10,0,0
4,37,0.0,0.0,0.0,10,0,0
5,37,0.0,0.0,0.0,10,0,0
6,37,0.0,0.0,0.0,10,0,0
7,37,0.0,0.0,0.0,10,0,0
8,37,0.0,0.0,0.0,10,0,0
9,37,300.0,6.0,0.0,3,6,6
10,37,0.0,0.0,0.0,10,0,0
11,37,0.0,0.0,0.0,10,0,0
12,37,0.0,0.0,0.0,10,0,0
13,37,0.0,0.0,0.0,10,0,0
14,37,0.0,0.0,0.0,10,0,0
15,37,0.0,0.0,0.0,10,0,0
16,37,0.0,0.0,0.0,10,0,0
17,37,0.0,0.0,0.0,10,0,0
18,37,0.0,0.0,0.0,10,0,0
19,37,0.0,0.0,0.0,10,0,0
20,37,0.0,0.0,0.0,10,0,0
21,37,0.0,0.0,0.0,10,0,0
22,37,0.0,0.0,0.0,10,0,0
23,37,0.0,0.0,0.0,10,0,0
24,37,0.0,0.0,0.0,10,0,0
25,37,0.0,0.0,0.0,10,0,0
26,37,0.0,0.0,0.0,10,0,0
27,37,0.0,0.0,0.0,10,0,0
28,37,0.0,0.0,0.0,10,0,0
29,37,0.0,0.0,0.0,10,0,0
30,37,0.0,0.0,0.0,10,0,0
31,37,180.0,3.25,16.0,3,17,17
32,37,10.0,1.0,1.0,3,2,1
33,37,0.0,0.0,0.0,10,0,1
34,37,0.0,0.0,0.0,10,0,0
35,37,0.0,0.0,0.0,10,0,0
36,37,0.0,0.0,0.0,10,0,0
37,37,0.0,0.0,0.0,10,0,0
38,37,2180.0,3.3333333333333335,12.0,6,13,4
39,37,0.0,0.0,0.0,10,0,0
40,37,0.0,0.0,0.0,10,0,0
41,37,0.0,0.0,0.0,10,0,0
42,37,0.0,0.0,0.0,10,0,0
43,37,0.0,0.0,0.0,10,0,0
44,37,0.0,0.0,0.0,10,0,0
45,37,1300.0,2.6666666666666665,11.0,6,11,0
46,37,100.0,0.0,1.0,3,1,0
47,37,100.0,0.0,2.0,3,2,0
48,37,0.0,0.0,0.0,10,0,0
49,37,0.0,0.0,0.0,10,0,0
50,37,100.0,1.0,0.0,8,1,0
51,37,50.0,1.0,1.0,3,1,0
52,37,1545.0,1.75,10.0,6,11,0
53,37,0.0,0.0,0.0,10,0,0
54,37,0.0,0.0,0.0,10,0,0
55,37,30.0,2.0,1.0,4,2,3
56,37,100.0,1.0,1.0,2,1,0
57,37,270.0,2.0,2.0,3,3,0
58,37,0.0,0.0,0.0,10,0,0
59,37,1000.0,1.5,10.0,6,10,1
60,37,120.0,1.0,1.0,2,1,0
61,37,0.0,0.0,0.0,10,0,0
62,37,100.0,1.0,1.0,4,1,1
63,37,1145.0,3.0,3.0,3,3,3
64,37,400.0,1.0,1.0,3,1,0
65,37,155.0,1.0,2.0,2,2,0
66,37,1990.0,2.3333333333333335,9.0,6,10,0
67,37,120.0,5.0,5.0,3,5,14
68,37,820.0,8.0,8.0,3,9,0
69,37,745.0,3.0,3.0,3,3,0
70,37,470.0,3.0,4.0,3,4,0
71,37,600.0,1.0,4.0,3,4,0
72,37,1370.0,1.3333333333333333,2.5,3,7,3
73,37,2840.0,2.5714285714285716,24.0,6,25,0
74,37,80.0,2.0,1.0,4,2,0
75,37,5744.0,3.25,17.0,6,17,0
76,37,8780.0,2.3333333333333335,2.3333333333333335,3,10,0
77,37,250.0,4.0,4.0,1,4,0
78,37,0.0,0.0,0.0,10,0,0
79,37,0.0,0.0,0.0,10,0,0
80,37,1500.0,5.0,12.0,6,12,15
0,38,0.0,0.0,0.0,10,0,0
1,38,0.0,0.0,0.0,10,0,95
2,38,1530.0,1.0,3.0,3,4,10
3,38,860.0,0.3333333333333333,1.0,3,4,2
4,38,3760.0,0.125,3.5,3,9,3
5,38,850.0,4.0,4.0,6,4,0
6,38,1800.0,2.0,6.0,6,6,1
7,38,1185.0,0.6666666666666666,1.5,3,10,2
8,38,290.0,1.0,1.0,3,2,0
9,38,300.0,1.0,2.0,3,2,8
10,38,4720.0,4.0,4.0,3,4,0
11,38,800.0,0.75,6.0,3,7,1
12,38,7310.0,2.6666666666666665,1.75,3,11,0
13,38,900.0,1.0,5.0,6,6,0
14,38,130.0,2.0,2.0,3,2,0
15,38,300.0,0.0,0.0,3,1,0
16,38,1010.0,0.125,8.0,6,9,1
17,38,520.0,1.0,2.0,3,2,0
18,38,890.0,6.0,2.5,3,7,1
19,38,13490.0,6.0,6.0,3,7,0
20,38,2020.0,1.2857142857142858,3.0,3,16,0
21,38,200.0,1.0,0.0,3,1,0
22,38,258.0,2.0,2.0,3,3,0
23,38,1025.0,1.0,3.0,6,8,0
24,38,240.0,1.0,1.0,3,1,0
25,38,80.0,1.0,1.0,3,2,0
26,38,10610.0,5.0,5.0,6,6,0
27,38,1060.0,2.5,6.0,6,7,0
28,38,0.0,0.0,0.0,10,0,0
29,38,240.0,1.0,1.0,3,1,0
30,38,200.0,1.0,2.0,6,2,0
31,38,540.0,0.0,2.0,3,2,0
32,38,1080.0,0.25,4.0,3,5,1
33,38,12380.0,0.8,9.0,3,9,1
34,38,23095.0,3.0,4.333333333333333,6,16,1
35,38,100.0,1.0,0.0,3,1,0
36,38,300.0,1.0,1.0,3,1,0
37,38,640.0,1.5,5.0,6,5,1
38,38,11150.0,2.0,2.0,3,3,0
39,38,400.0,0.0,2.0,6,2,0
40,38,10160.0,2.0,2.0,9,2,0
41,38,920.0,0.6,8.0,6,8,0
42,38,10000.0,1.0,1.0,3,1,0
43,38,12280.0,2.0,1.0,3,2,0
44,38,200.0,0.0,1.0,6,1,0
45,38,960.0,2.0,1.0,3,2,4
46,38,840.0,1.0,1.0,3,4,0
47,38,50.0,0.0,0.0,3,1,0
48,38,14710.0,2.6,5.0,6,18,3
49,38,12500.0,2.0,2.0,3,2,0
50,38,30.0,0.0,1.0,3,1,0
51,38,5350.0,1.25,2.0,6,9,0
52,38,570.0,1.5,5.0,3,5,0
53,38,120.0,2.0,1.0,3,2,0
54,38,5435.0,2.25,12.0,3,13,2
55,38,12500.0,1.125,4.666666666666667,6,17,3
56,38,1680.0,1.0,1.0,3,1,0
57,38,240.0,1.0,1.0,3,1,0
58,38,2500.0,1.0,1.6666666666666667,3,8,2
59,38,1560.0,1.6666666666666667,3.0,3,8,3
60,38,1680.0,0.0,1.3333333333333333,3,7,2
61,38,6250.0,2.5,14.0,6,14,0
62,38,2820.0,3.0,1.6666666666666667,3,8,7
63,38,2967.0,1.2857142857142858,1.6666666666666667,3,16,33
64,38,3015.0,0.8333333333333334,0.8333333333333334,3,11,0
65,38,15850.0,1.4285714285714286,7.5,3,17,1
66,38,4190.0,0.5,1.0,3,18,0
67,38,6695.0,2.5,1.3333333333333333,3,7,1
68,38,9475.0,8.5,8.5,3,19,2
69,38,8315.0,1.2222222222222223,5.666666666666667,3,20,1
70,38,38000.0,2.0,2.0,3,2,0
71,38,1970.0,3.0,3.0,3,4,0
72,38,18215.0,1.8888888888888888,3.3333333333333335,3,26,16
73,38,38400.0,1.0,3.0,3,4,1
74,38,3380.0,1.6666666666666667,1.6666666666666667,3,8,1
75,38,16810.0,1.8,2.5,3,14,1
76,38,1755.0,3.5,3.5,3,9,0
77,38,1220.0,1.0,4.0,3,4,0
78,38,6300.0,0.5,2.0,3,12,0
79,38,1360.0,2.0,2.0,3,6,0
80,38,12114.0,2.0,5.0,3,12,25
0,39,0.0,0.0,0.0,10,0,0
1,39,0.0,0.0,0.0,10,0,52
2,39,0.0,0.0,0.0,10,0,1
3,39,0.0,0.0,0.0,10,0,0
4,39,0.0,0.0,0.0,10,0,1
5,39,0.0,0.0,0.0,10,0,0
6,39,3070.0,2.0,2.0,6,2,0
7,39,90.0,1.0,0.0,3,1,0
8,39,1000.0,2.6666666666666665,4.5,6,11,0
9,39,0.0,0.0,0.0,10,0,1
10,39,29040.0,4.0,4.0,6,4,0
11,39,350.0,1.0,0.0,2,1,0
12,39,10.0,1.0,0.0,3,1,0
13,39,54.0,3.0,2.0,3,3,0
14,39,0.0,0.0,0.0,10,0,0
15,39,300.0,2.0,3.0,6,3,0
16,39,10.0,2.0,1.0,4,2,0
17,39,0.0,0.0,0.0,10,0,0
18,39,33890.0,7.0,7.0,8,7,0
19,39,0.0,0.0,0.0,10,0,0
20,39,360.0,0.5,3.0,6,3,0
21,39,0.0,0.0,0.0,10,0,0
22,39,1660.0,1.2,2.6666666666666665,6,11,0
23,39,53.0,4.0,3.0,4,4,0
24,39,0.0,0.0,0.0,10,0,0
25,39,5.0,1.0,1.0,3,1,0
26,39,16300.0,2.0,1.0,0,2,0
27,39,240.0,2.0,2.0,6,2,0
28,39,0.0,0.0,0.0,10,0,0
29,39,2400.0,1.3333333333333333,1.3333333333333333,6,7,0
30,39,0.0,0.0,0.0,10,0,0
31,39,2.0,1.0,1.0,3,1,0
32,39,720.0,4.0,1.0,3,4,1
33,39,0.0,0.0,0.0,10,0,0
34,39,725.0,4.0,4.0,6,4,0
35,39,0.0,0.0,0.0,10,0,0
36,39,1700.0,4.5,10.0,6,11,0
37,39,0.0,0.0,0.0,10,0,0
38,39,19855.0,4.0,3.0,0,4,2
39,39,520.0,4.0,3.0,8,4,0
40,39,22000.0,1.0,1.0,3,1,0
41,39,890.0,4.0,4.0,6,4,0
42,39,0.0,0.0,0.0,10,0,0
43,39,100.0,1.0,1.0,6,1,0
44,39,0.0,0.0,0.0,10,0,0
45,39,190.0,4.0,4.0,3,4,0
46,39,8370.0,2.0,2.0,8,2,0
47,39,200.0,1.0,0.0,3,1,0
48,39,1885.0,5.0,1.5,6,5,1
49,39,13080.0,2.0,2.0,3,2,0
50,39,15265.0,2.3333333333333335,5.666666666666667,6,20,0
51,39,8000.0,1.0,1.0,3,1,0
52,39,125.0,2.0,2.0,3,2,0
53,39,325.0,4.0,4.0,3,4,0
54,39,270.0,2.0,2.0,3,2,1
55,39,100.0,0.0,1.0,7,1,5
56,39,700.0,1.0,2.0,8,2,0
57,39,1200.0,1.6666666666666667,3.0,6,8,0
58,39,21850.0,6.0,6.0,3,6,1
59,39,2810.0,2.5,1.3333333333333333,3,7,3
60,39,1000.0,1.0,0.0,2,1,0
61,39,300.0,2.0,2.0,2,2,0
62,39,100.0,1.0,1.0,3,1,1
63,39,430.0,1.0,0.3333333333333333,3,4,2
64,39,1960.0,1.5,5.0,6,5,0
65,39,48260.0,8.0,2.0,3,9,0
66,39,0.0,0.0,0.0,10,0,0
67,39,8450.0,5.0,0.25,2,5,0
68,39,20660.0,1.0,1.0,3,4,0
69,39,1260.0,2.0,2.0,6,2,0
70,39,12100.0,5.0,1.5,2,5,0
71,39,1010.0,2.0,6.0,6,6,0
72,39,0.0,0.0,0.0,10,0,3
73,39,802.0,6.0,1.3333333333333333,3,7,0
74,39,0.0,0.0,0.0,10,0,0
75,39,4967.0,3.5,3.5,3,9,0
76,39,520.0,1.0,1.0,3,1,0
77,39,392.0,2.0,2.0,3,2,2
78,39,2300.0,0.2857142857142857,9.0,6,9,0
79,39,1650.0,0.5,0.0,2,3,0
80,39,320.0,1.0,1.0,3,1,14
0,40,0.0,0.0,0.0,10,0,0
1,40,0.0,0.0,0.0,10,0,0
2,40,0.0,0.0,0.0,10,0,1
3,40,0.0,0.0,0.0,10,0,0
4,40,0.0,0.0,0.0,10,0,0
5,40,0.0,0.0,0.0,10,0,0
6,40,0.0,0.0,0.0,10,0,0
7,40,0.0,0.0,0.0,10,0,0
8,40,0.0,0.0,0.0,10,0,0
9,40,0.0,0.0,0.0,10,0,0
10,40,0.0,0.0,0.0,10,0,0
11,40,0.0,0.0,0.0,10,0,0
12,40,0.0,0.0,0.0,10,0,0
13,40,100.0,0.0,1.0,3,1,0
14,40,0.0,0.0,0.0,10,0,0
15,40,0.0,0.0,0.0,10,0,0
16,40,0.0,0.0,0.0,10,0,0
17,40,0.0,0.0,0.0,10,0,0
18,40,0.0,0.0,0.0,10,0,0
19,40,0.0,0.0,0.0,10,0,0
20,40,0.0,0.0,0.0,10,0,0
21,40,0.0,0.0,0.0,10,0,0
22,40,0.0,0.0,0.0,10,0,0
23,40,0.0,0.0,0.0,10,0,0
24,40,0.0,0.0,0.0,10,0,0
25,40,0.0,0.0,0.0,10,0,0
26,40,0.0,0.0,0.0,10,0,0
27,40,0.0,0.0,0.0,10,0,0
28,40,0.0,0.0,0.0,10,0,0
29,40,0.0,0.0,0.0,10,0,0
30,40,0.0,0.0,0.0,10,0,0
31,40,0.0,0.0,0.0,10,0,0
32,40,0.0,0.0,0.0,10,0,0
33,40,0.0,0.0,0.0,10,0,0
34,40,0.0,0.0,0.0,10,0,0
35,40,0.0,0.0,0.0,10,0,0
36,40,0.0,0.0,0.0,10,0,0
37,40,0.0,0.0,0.0,10,0,0
38,40,0.0,0.0,0.0,10,0,0
39,40,0.0,0.0,0.0,10,0,0
40,40,0.0,0.0,0.0,10,0,0
41,40,0.0,0.0,0.0,10,0,0
42,40,0.0,0.0,0.0,10,0,0
43,40,0.0,0.0,0.0,10,0,0
44,40,0.0,0.0,0.0,10,0,0
45,40,0.0,0.0,0.0,10,0,0
46,40,0.0,0.0,0.0,10,0,0
47,40,0.0,0.0,0.0,10,0,0
48,40,0.0,0.0,0.0,10,0,0
49,40,0.0,0.0,0.0,10,0,0
50,40,0.0,0.0,0.0,10,0,0
51,40,0.0,0.0,0.0,10,0,0
52,40,0.0,0.0,0.0,10,0,0
53,40,0.0,0.0,0.0,10,0,0
54,40,0.0,0.0,0.0,10,0,0
55,40,0.0,0.0,0.0,10,0,0
56,40,0.0,0.0,0.0,10,0,0
57,40,0.0,0.0,0.0,10,0,0
58,40,0.0,0.0,0.0,10,0,0
59,40,0.0,0.0,0.0,10,0,0
60,40,0.0,0.0,0.0,10,0,0
61,40,0.0,0.0,0.0,10,0,0
62,40,0.0,0.0,0.0,10,0,0
63,40,0.0,0.0,0.0,10,0,0
64,40,0.0,0.0,0.0,10,0,0
65,40,0.0,0.0,0.0,10,0,0
66,40,0.0,0.0,0.0,10,0,0
67,40,0.0,0.0,0.0,10,0,0
68,40,0.0,0.0,0.0,10,0,0
69,40,0.0,0.0,0.0,10,0,0
70,40,0.0,0.0,0.0,10,0,0
71,40,0.0,0.0,0.0,10,0,0
72,40,0.0,0.0,0.0,10,0,0
73,40,0.0,0.0,0.0,10,0,0
74,40,0.0,0.0,0.0,10,0,0
75,40,0.0,0.0,0.0,10,0,0
76,40,0.0,0.0,0.0,10,0,0
77,40,0.0,0.0,0.0,10,0,0
78,40,0.0,0.0,0.0,10,0,0
79,40,0.0,0.0,0.0,10,0,0
80,40,0.0,0.0,0.0,10,0,0
0,41,0.0,0.0,0.0,10,0,0
1,41,0.0,0.0,0.0,10,0,7
2,41,0.0,0.0,0.0,10,0,1
3,41,0.0,0.0,0.0,10,0,0
4,41,0.0,0.0,0.0,10,0,0
5,41,100.0,2.0,0.0,3,2,0
6,41,570.0,1.3333333333333333,0.0,6,7,0
7,41,120.0,0.0,0.0,3,2,0
8,41,0.0,0.0,0.0,10,0,0
9,41,90.0,1.0,0.0,3,1,1
10,41,100.0,0.0,0.0,3,2,0
11,41,0.0,0.0,0.0,10,0,0
12,41,100.0,2.0,0.0,3,2,0
13,41,450.0,0.5,0.0,3,6,0
14,41,420.0,1.5,0.0,3,5,0
15,41,0.0,0.0,0.0,10,0,0
16,41,0.0,0.0,0.0,10,0,0
17,41,0.0,0.0,0.0,10,0,0
18,41,70.0,1.0,0.0,3,1,0
19,41,0.0,0.0,0.0,10,0,0
20,41,260.0,4.0,0.3333333333333333,6,4,0
21,41,0.0,0.0,0.0,10,0,0
22,41,0.0,0.0,0.0,10,0,0
23,41,0.0,0.0,0.0,10,0,0
24,41,190.0,0.0,0.0,3,2,0
25,41,0.0,0.0,0.0,10,0,0
26,41,0.0,0.0,0.0,10,0,0
27,41,150.0,1.0,0.0,3,2,0
28,41,60.0,0.0,0.0,4,1,0
29,41,100.0,1.0,0.0,4,1,0
30,41,0.0,0.0,0.0,10,0,0
31,41,80.0,1.0,0.0,3,1,0
32,41,140.0,0.0,0.0,3,1,0
33,41,0.0,0.0,0.0,10,0,0
34,41,150.0,0.0,0.0,3,2,0
35,41,0.0,0.0,0.0,10,0,0
36,41,0.0,0.0,0.0,10,0,0
37,41,0.0,0.0,0.0,10,0,0
38,41,60.0,1.0,0.0,3,1,0
39,41,0.0,0.0,0.0,10,0,0
40,41,0.0,0.0,0.0,10,0,0
41,41,200.0,1.0,0.0,6,4,0
42,41,0.0,0.0,0.0,10,0,0
43,41,0.0,0.0,0.0,10,0,0
44,41,0.0,0.0,0.0,10,0,0
45,41,130.0,0.0,0.0,3,1,0
46,41,0.0,0.0,0.0,10,0,0
47,41,0.0,0.0,0.0,10,0,0
48,41,50.0,0.0,0.0,6,1,0
49,41,0.0,0.0,0.0,10,0,0
50,41,0.0,0.0,0.0,10,0,0
51,41,0.0,0.0,0.0,10,0,0
52,41,0.0,0.0,0.0,10,0,0
53,41,0.0,0.0,0.0,10,0,0
54,41,0.0,0.0,0.0,10,0,0
55,41,800.0,1.0,0.0,3,6,0
56,41,0.0,0.0,0.0,10,0,0
57,41,300.0,0.0,0.0,3,1,0
58,41,0.0,0.0,0.0,10,0,0
59,41,0.0,0.0,0.0,10,0,0
60,41,0.0,0.0,0.0,10,0,0
61,41,30.0,0.0,0.0,3,1,0
62,41,400.0,1.0,0.0,3,4,0
63,41,0.0,0.0,0.0,10,0,1
64,41,50.0,0.0,0.0,6,1,0
65,41,50.0,0.0,1.0,3,1,0
66,41,550.0,0.0,0.0,6,1,0
67,41,0.0,0.0,0.0,10,0,0
68,41,0.0,0.0,0.0,10,0,0
69,41,750.0,1.5,0.0,6,5,0
70,41,0.0,0.0,0.0,10,0,0
71,41,0.0,0.0,0.0,10,0,0
72,41,1680.0,0.0,0.0,3,2,1
73,41,0.0,0.0,0.0,10,0,0
74,41,0.0,0.0,0.0,10,0,0
75,41,0.0,0.0,0.0,10,0,0
76,41,1200.0,0.6666666666666666,0.0,6,5,0
77,41,0.0,0.0,0.0,10,0,0
78,41,0.0,0.0,0.0,10,0,0
79,41,0.0,0.0,0.0,10,0,0
80,41,0.0,0.0,0.0,10,0,0
0,42,0.0,0.0,0.0,10,0,0
1,42,0.0,0.0,0.0,10,0,0
2,42,0.0,0.0,0.0,10,0,0
3,42,0.0,0.0,0.0,10,0,0
4,42,0.0,0.0,0.0,10,0,0
5,42,0.0,0.0,0.0,10,0,0
6,42,0.0,0.0,0.0,10,0,0
7,42,0.0,0.0,0.0,10,0,0
8,42,0.0,0.0,0.0,10,0,0
9,42,0.0,0.0,0.0,10,0,0
10,42,0.0,0.0,0.0,10,0,0
11,42,0.0,0.0,0.0,10,0,0
12,42,0.0,0.0,0.0,10,0,0
13,42,0.0,0.0,0.0,10,0,0
14,42,0.0,0.0,0.0,10,0,0
15,42,0.0,0.0,0.0,10,0,0
16,42,0.0,0.0,0.0,10,0,0
17,42,0.0,0.0,0.0,10,0,0
18,42,0.0,0.0,0.0,10,0,0
19,42,0.0,0.0,0.0,10,0,0
20,42,0.0,0.0,0.0,10,0,0
21,42,0.0,0.0,0.0,10,0,0
22,42,0.0,0.0,0.0,10,0,0
23,42,0.0,0.0,0.0,10,0,0
24,42,0.0,0.0,0.0,10,0,0
25,42,0.0,0.0,0.0,10,0,0
26,42,0.0,0.0,0.0,10,0,0
27,42,0.0,0.0,0.0,10,0,0
28,42,0.0,0.0,0.0,10,0,0
29,42,0.0,0.0,0.0,10,0,0
30,42,0.0,0.0,0.0,10,0,0
31,42,0.0,0.0,0.0,10,0,0
32,42,0.0,0.0,0.0,10,0,0
33,42,0.0,0.0,0.0,10,0,0
34,42,0.0,0.0,0.0,10,0,0
35,42,0.0,0.0,0.0,10,0,0
36,42,0.0,0.0,0.0,10,0,0
37,42,0.0,0.0,0.0,10,0,0
38,42,0.0,0.0,0.0,10,0,0
39,42,0.0,0.0,0.0,10,0,0
40,42,0.0,0.0,0.0,10,0,0
41,42,0.0,0.0,0.0,10,0,0
42,42,0.0,0.0,0.0,10,0,0
43,42,0.0,0.0,0.0,10,0,0
44,42,0.0,0.0,0.0,10,0,0
45,42,0.0,0.0,0.0,10,0,0
46,42,0.0,0.0,0.0,10,0,0
47,42,0.0,0.0,0.0,10,0,0
48,42,0.0,0.0,0.0,10,0,0
49,42,0.0,0.0,0.0,10,0,0
50,42,0.0,0.0,0.0,10,0,0
51,42,0.0,0.0,0.0,10,0,0
52,42,0.0,0.0,0.0,10,0,0
53,42,0.0,0.0,0.0,10,0,0
54,42,0.0,0.0,0.0,10,0,0
55,42,0.0,0.0,0.0,10,0,0
56,42,0.0,0.0,0.0,10,0,0
57,42,0.0,0.0,0.0,10,0,0
58,42,0.0,0.0,0.0,10,0,0
59,42,0.0,0.0,0.0,10,0,0
60,42,0.0,0.0,0.0,10,0,0
61,42,0.0,0.0,0.0,10,0,0
62,42,0.0,0.0,0.0,10,0,0
63,42,0.0,0.0,0.0,10,0,0
64,42,0.0,0.0,0.0,10,0,0
65,42,0.0,0.0,0.0,10,0,0
66,42,0.0,0.0,0.0,10,0,0
67,42,350.0,2.0,2.0,3,2,1
68,42,500.0,3.0,2.0,3,3,0
69,42,200.0,2.0,1.0,3,2,0
70,42,0.0,0.0,0.0,10,0,0
71,42,0.0,0.0,0.0,10,0,0
72,42,0.0,0.0,0.0,10,0,1
73,42,200.0,2.0,1.0,3,2,0
74,42,200.0,2.0,1.0,3,2,0
75,42,400.0,2.0,2.0,3,2,0
76,42,300.0,2.0,1.0,3,2,0
77,42,400.0,2.0,2.0,3,2,0
78,42,300.0,2.0,1.0,3,2,0
79,42,0.0,0.0,0.0,10,0,0
80,42,400.0,2.0,2.0,3,2,1
